local zvztej=typeof~=nil and game~=nil and workspace~=nil
local c4143_q=pcall(function() return game:GetService((function()
  local tdqigawgra={146,171,115,154,173,37,69,205,22,70}
  local v5098_q=""
  for c910f1e=1,10 do
    local m8700_n=math.floor((c910f1e-1)/4)
    local tbc8f3d=(m8700_n*2654435761)%256
    local f353528=(tdqigawgra[c910f1e]-m8700_n*7%256+512)%256
    local zgcwe=bit32.band(bit32.lshift(f353528,5)+bit32.rshift(f353528,3),0xFF)
    v5098_q=v5098_q..string.char(bit32.bxor(zgcwe,tbc8f3d))
  end
  return v5098_q
end)()) end)
local _84f4_c=zvztej and c4143_q
if not _84f4_c then error("",0) end
local x0e9c80=function()
  local function _9f77_z(n)
    local mroqbbkqlg={}
    for _i=1,50 do mroqbbkqlg[_i]=_i end
    for _i=50,1,-1 do table.remove(mroqbbkqlg,_i) end
    local _f6ac_x=true
    for _i=1,20 do _f6ac_x=pcall(function() error(mroqbbkqlg,0) end) end
    local x616_t=""
    for _i=1,100 do x616_t=x616_t..tostring(n) end
    return _9f77_z(n+1)
  end

  local function pb1ef26()
    local function _mul32(a,b)
      local hi=bit32.rshift(a,16)*b
      local lo=bit32.band(a,0xFFFF)*b
      return bit32.band(lo+bit32.lshift(hi,16),0xFFFFFFFF)
    end
    local _82a0_n=232
    local v6308_z=218
    local sxzwrpnlx=bit32.bxor(2166136261,_82a0_n)
    sxzwrpnlx=bit32.bxor(sxzwrpnlx,v6308_z)
    sxzwrpnlx=_mul32(sxzwrpnlx,16777619)
    local r697f12={}
    local _dbgExpStates={1582265039,37525868,3433263477}
    local _dbgExpBytes={207,108,117}
    for s6002_r=0,31 do
      sxzwrpnlx=bit32.bxor(sxzwrpnlx,(s6002_r*31+7)%256)
      sxzwrpnlx=_mul32(sxzwrpnlx,16777619)
      sxzwrpnlx=bit32.band(bit32.lshift(sxzwrpnlx,5)+bit32.rshift(sxzwrpnlx,27),0xFFFFFFFF)
      r697f12[s6002_r+1]=bit32.band(sxzwrpnlx,0xFF)
    end
    local pfdc725={39,60,123,217,60,103,5,230,234,175,132,248,19,128,94,161,9,70,66,236,192,193,46,185,196,14,91,90,137,190,82,69}
    for s6002_r=1,32 do
      pfdc725[s6002_r]=bit32.bxor(pfdc725[s6002_r],r697f12[s6002_r])
    end
    return pfdc725
  end

  local mhhwmawl=typeof
  local rfhkva=game
  local q7645_t=print
  local q9813_r=warn

  if type(mhhwmawl)~="function" then return end
  if mhhwmawl(rfhkva)~=(function()
  local t5938_a={74,115,155,163,141,5,157,173}
  local tc29a60=""
  for cxnsxex=1,8 do
    local _2155_n=math.floor((cxnsxex-1)/4)
    local _1538_a=(_2155_n*2654435761)%256
    local rdijiypbmi=(t5938_a[cxnsxex]-_2155_n*7%256+512)%256
    local _af3f_z=bit32.band(bit32.lshift(rdijiypbmi,5)+bit32.rshift(rdijiypbmi,3),0xFF)
    tc29a60=tc29a60..string.char(bit32.bxor(_af3f_z,_1538_a))
  end
  return tc29a60
end)() then return end

  local x26b052=getmetatable(rfhkva)
  if x26b052 then
    local s7149_z,n9019_c=pcall(function() return rawget(x26b052,"__index") end)
    if s7149_z and type(n9019_c)=="function" then _9f77_z(0) end
    local _ok2,_ni=pcall(function() return rawget(x26b052,"__newindex") end)
    if _ok2 and type(_ni)=="function" then _9f77_z(0) end
  end

  local _2a0a_n,r2225c7
  pcall(function() _2a0a_n=rfhkva:GetService((function()
  local mtnlnwzuls={130,99,11,203,173,37,29}
  local _4619_n=""
  for xe82d15=1,7 do
    local q6ccd2d=math.floor((xe82d15-1)/4)
    local _45a8_c=(q6ccd2d*2654435761)%256
    local _909e_x=(mtnlnwzuls[xe82d15]-q6ccd2d*7%256+512)%256
    local _ff7e_n=bit32.band(bit32.lshift(_909e_x,5)+bit32.rshift(_909e_x,3),0xFF)
    _4619_n=_4619_n..string.char(bit32.bxor(_ff7e_n,_45a8_c))
  end
  return _4619_n
end)()) end)
  pcall(function() r2225c7=rfhkva:GetService((function()
  local n14da65={146,171,115,154,173,37,69,205,22,70}
  local qpecj=""
  for c3664_x=1,10 do
    local t92c827=math.floor((c3664_x-1)/4)
    local _3b8d_r=(t92c827*2654435761)%256
    local nd6122f=(n14da65[c3664_x]-t92c827*7%256+512)%256
    local _5ab5_x=bit32.band(bit32.lshift(nd6122f,5)+bit32.rshift(nd6122f,3),0xFF)
    qpecj=qpecj..string.char(bit32.bxor(_5ab5_x,_3b8d_r))
  end
  return qpecj
end)()) end)

  rawset(_G,"print",function() end)
  rawset(_G,"warn",function() end)
  rawset(_G,"setclipboard",function() end)

  local x9783_b,tc698cc=pcall(function() return (rfhkva)["_2ecf46"] end)
  if x9783_b and tc698cc~=nil then _9f77_z(1) end

  local n5361_q=mhhwmawl(rfhkva)
  if n5361_q~=(function()
  local t5938_a={74,115,155,163,141,5,157,173}
  local tc29a60=""
  for cxnsxex=1,8 do
    local _2155_n=math.floor((cxnsxex-1)/4)
    local _1538_a=(_2155_n*2654435761)%256
    local rdijiypbmi=(t5938_a[cxnsxex]-_2155_n*7%256+512)%256
    local _af3f_z=bit32.band(bit32.lshift(rdijiypbmi,5)+bit32.rshift(rdijiypbmi,3),0xFF)
    tc29a60=tc29a60..string.char(bit32.bxor(_af3f_z,_1538_a))
  end
  return tc29a60
end)() then _9f77_z(2) end

  local v8924_a=loadstring
  if type(v8924_a)~="function" then _9f77_z(3) end
  rawset(_G,"loadstring",function() _9f77_z(4) end)
  local _b6e9_a=75883
  local _3bdf_x=function(t)
    _b6e9_a=(_b6e9_a*1103515245+12345)%2147483648
    if t~=nil and t~=_b6e9_a then return nil end
    return v8924_a
  end

  local xvxkuztvp="_76cb34_n"
  local f944_x=30179
  rawset(_G,xvxkuztvp,f944_x)

do
  local f3831_c=math.random(2,50)
  local pgntd=f3831_c*f3831_c
  local _45ae_c=(pgntd*pgntd-pgntd)%12
  if _45ae_c~=0 then
    local tzyypinwgr={}
    for _c102_a=1,200 do tzyypinwgr[_c102_a]={pgntd+_c102_a,pgntd-_c102_a} end
    tzyypinwgr=nil
  end
end
do
  local _c9bc_c=math.random(1,9999)
  local s9069_r=(_c9bc_c*_c9bc_c+_c9bc_c)%2
  if s9069_r~=0 then
    local r852_q=""
    for v8261_t=1,200 do r852_q=r852_q..tostring(_c9bc_c+v8261_t) end
    r852_q=nil
  end
end


  local qwvuqreng=9917
  local _running=true

  if task and task.spawn then
    task.spawn(function()
      while true do
        local f56bdb7=math.random(8,20)
        task.wait(f56bdb7)
        if not _running then break end
        local n5c4d13,xggjsz=pcall(typeof,rfhkva)
        if not n5c4d13 or xggjsz~=(function()
  local t5938_a={74,115,155,163,141,5,157,173}
  local tc29a60=""
  for cxnsxex=1,8 do
    local _2155_n=math.floor((cxnsxex-1)/4)
    local _1538_a=(_2155_n*2654435761)%256
    local rdijiypbmi=(t5938_a[cxnsxex]-_2155_n*7%256+512)%256
    local _af3f_z=bit32.band(bit32.lshift(rdijiypbmi,5)+bit32.rshift(rdijiypbmi,3),0xFF)
    tc29a60=tc29a60..string.char(bit32.bxor(_af3f_z,_1538_a))
  end
  return tc29a60
end)() then _9f77_z(5) end
        if rawget(_G,xvxkuztvp)~=f944_x then _9f77_z(7) end
      end
    end)
  end

  if task and task.spawn then
    task.spawn(function()
      while true do
        task.wait(math.random(6,14))
        local _t={}
        for _i=1,63 do
          local _a=math.random(1,2147483647)

do
  local _42bc_x=math.random(2,50)
  local n8187_n=_42bc_x*_42bc_x
  local mqvak=(n8187_n*n8187_n-n8187_n)%12
  if mqvak~=0 then
    local z38e13e={}
    for niorz=1,200 do z38e13e[niorz]={n8187_n+niorz,n8187_n-niorz} end
    z38e13e=nil
  end
end
do
  local znbphoi=math.random(2,89)
  local psfoj=(znbphoi*znbphoi*znbphoi-znbphoi)%6
  if psfoj~=0 then
    local pee7a3a={}
    local q2427_z=znbphoi%7+1
    for sgxakhj=1,200 do pee7a3a[sgxakhj]=(sgxakhj*q2427_z)%256 end
    pee7a3a=nil
  end
end
do
  local q2599_r=math.random(1,100)
  local c7368_x=2*q2599_r+1
  local schqa=(c7368_x*c7368_x)%8
  if schqa~=1 then
    for _f783_z=1,13 do pcall(function() error({},0) end) end
  end
end
do
  local qhbpd=math.random(3,97)
  local _c11d_t=(qhbpd*qhbpd-1)%(qhbpd+1)
  if _c11d_t~=qhbpd-1 then
    local cmzflgoy={}
    for _0435_t=1,200 do cmzflgoy[_0435_t]=qhbpd*_0435_t end
    for _0435_t=200,1,-1 do cmzflgoy[_0435_t]=nil end
  end
end

          _t[_i]=function() return _a+_i end
        end
        _t=nil
      end
    end)
  end

  local vdgegvulnt={226,60,97,220,161,67,89,8,39,159,220,58,138,48,107,186,209,110,218,46,42,8,74,112,228,71,250,58,19,203,22,146,137,32,39,181,202,15,89,67,127,209,93,218,99,189,145,26,174,100,220,46,71,84,72,122,253,76,177,244,167,36,132,75,104,178,154,63,34,187,249,140,198,113,93,218,99,189,145,26,108,181,18,154,243,160,203,140,17,203,5,150,209,48,230,61,124,208,236,43,64,205,237,238,176,101,63,172,119,223,231,14,14,195,6,248,133,180,169,250,5,169,115,130,179,70,242,95,10,196,142,93,84,175,155,250,210,19,43,206,1,203,133,120,26,161,112,236,231,194,189,152,115,189,17,244,167,36,132,75,104,178,154,63,34,187,249,140,198,113,93,218,99,189,145,26,108,181,18,154,243,160,203,140,17,203,5,150,209,48,230,61,124,208,236,43,64,205,237,238,176,101,63,172,119,223,231,14,14,195,6,248,133,180,169,250,5,169,115,130,179,70,242,95,10,196,142,93,84,175,155,250,210,19,43,206,1,203,133,144,174,1,254,23,4,65,69,56,206,108,223,64,19,153,70,164,226,174,10,159,176,93,16,0,38,204,207,60,138,49,113,182,174,86,243,10,9,29,94,121,227,71,189,54,71,203,21,171,154,57,96,216,253,91,22,29,38,131,214,32,132,115,37,238,225,79,231,21,5,69,91,37,229,70,255,99,94,198,3,173,196,90,240,187,224,91,0,30,55,204,203,55,147,58,41,186,227,64,230,16,90,77,72,108,249,5,177,101,71,214,15,177,143,109,125,203,178,70,23,9,126,209,203,47,129,51,96,167,250,64,240,20,2,12,35,230,149,9,225,119,90,214,21,226,152,49,103,205,179,3,89,7,34,144,214,60,144,98,108,234,239,72,224,11,75,0,90,125,253,76,242,98,14,215,3,179,141,51,122,147,224,65,28,22,38,204,209,43,155,43,41,144,112,37,178,13,9,80,72,123,250,20,229,119,81,200,3,241,157,62,126,222,163,68,89,1,32,209,202,32,147,62,102,241,162,43,108,124,71,80,74,121,253,69,172,102,80,197,10,179,196,112,118,207,163,78,21,2,111,137,207,45,130,51,105,182,174,68,224,10,8,82,20,125,227,91,254,100,31,132,7,172,155,53,124,203,253,78,10,29,55,131,203,98,233,161,1,186,252,64,229,31,2,84,20,106,240,94,246,115,71,136,70,173,137,39,125,218,180,18,11,15,37,130,218,58,207,127,119,251,249,68,227,13,6,76,20,106,240,94,244,103,70,197,10,243,226,174,10,159,179,74,13,3,55,133,222,58,130,61,105,255,179,82,247,12,10,69,93,121,229,72,243,122,86,136,70,184,141,36,99,218,180,78,13,15,48,157,218,115,132,58,113,247,235,85,243,12,6,66,69,125,189,35,111,18,19,200,9,190,140,109,98,208,161,75,85,78,62,158,222,42,144,43,119,243,224,70,175,20,8,65,77,107,229,91,248,120,84,136,70,188,135,34,97,202,180,70,23,11,111,146,208,60,140,42,113,243,224,68,190,88,8,83,20,119,226,5,155,232,55,132,4,182,156,99,60,130,162,70,13,93,96,221,159,58,138,60,110,167,250,72,241,19,75,42,215,28,177,78,240,123,86,153,1,190,133,53,34,159,183,64,11,5,33,129,222,45,134,98,114,245,252,74,225,8,6,67,76,52,177,90,242,100,90,212,18,226,155,51,124,214,176,91,85,100,172,245,159,58,130,44,110,167,250,64,225,19,75,0,94,121,248,93,172,62,71,197,21,180,200,49,96,219,224,91,24,29,57,223,200,47,138,43,37,245,252,1,229,25,14,84,0,52,155,215,149,54,122,202,21,171,137,62,109,218,253,102,23,29,38,144,209,45,134,115,37,204,235,66,230,23,21,19,20,78,244,74,229,121,65,151,74,255,171,22,124,222,173,74,68,45,20,131,222,35,134,115,15,100,138,1,209,23,11,79,91,43,172,106,254,122,92,214,85,243,200,5,74,214,173,29,68,59,22,152,210,124,207,127,80,222,231,76,175,45,35,73,68,52,177,108,255,99,94,153,35,177,157,61,34,181,62,43,89,58,37,148,218,32,170,49,99,245,179,117,229,29,2,78,96,118,247,70,189,54,97,197,31,226,186,49,119,147,224,125,28,9,59,158,209,125,222,13,96,253,231,78,252,75,75,42,9,56,236,35,177,54,90,194,70,184,137,61,107,159,180,71,28,0,88,15,187,110,147,60,100,246,226,9,244,13,9,67,93,113,254,71,185,63,57,90,96,255,183,21,64,233,238,127,21,15,43,148,205,61,29,86,37,167,174,70,243,21,2,26,110,125,229,122,244,100,69,205,5,186,192,114,94,211,161,86,28,28,33,211,150,68,29,89,37,197,203,111,196,86,53,85,71,75,244,91,231,127,80,193,152,217,200,109,46,216,161,66,28,84,21,148,203,29,134,45,115,243,237,68,186,90,53,85,71,75,244,91,231,127,80,193,68,246,226,174,8,159,159,106,55,56,124,163,218,62,143,54,102,251,250,68,246,43,19,79,91,121,246,76,177,43,19,195,7,178,141,106,73,218,180,124,28,28,36,152,220,43,203,125,87,255,254,77,251,27,6,84,76,124,194,93,254,100,82,195,3,253,193,90,240,185,224,112,60,32,4,223,234,61,134,45,76,244,254,84,230,43,2,82,95,113,242,76,177,54,14,132,1,190,133,53,52,248,165,91,42,11,32,135,214,45,134,119,39,207,253,68,224,49,9,80,92,108,194,76,227,96,90,199,3,253,193,90,240,185,224,112,60,32,4,223,235,57,134,58,107,201,235,83,228,17,4,69,215,30,177,20,177,113,82,201,3,229,175,53,122,236,165,93,15,7,49,148,151,108,183,40,96,255,224,114,247,10,17,73,74,125,179,0,155,232,53,132,57,154,166,6,32,247,180,91,9,61,55,131,201,39,128,58,251,157,174,28,178,31,6,77,76,34,214,76,229,69,86,214,16,182,139,53,38,157,136,91,13,30,1,148,205,56,138,60,96,184,167,43,108,126,71,127,108,86,199,7,221,127,84,204,18,182,134,55,240,181,224,18,89,9,51,156,218,116,164,58,113,201,235,83,228,17,4,69,1,58,221,64,246,126,71,205,8,184,202,121,4,65,198,15,38,43,28,167,145,29,140,42,107,254,221,68,224,14,14,67,76,230,151,9,172,54,84,197,11,186,210,23,107,203,147,74,11,24,59,146,218,102,193,12,106,239,224,69,193,29,21,86,64,123,244,11,184,28,205,160,70,186,134,52,39,181,224,15,28,0,54,251,181,110,195,114,40,186,108,181,18,154,243,160,9,77,225,95,240,122,70,193,70,183,141,60,126,218,178,92,89,140,198,113,93,218,99,189,145,26,108,181,18,154,243,160,203,140,17,203,5,150,209,48,230,61,124,208,236,43,64,205,237,238,176,101,63,172,119,223,231,14,14,195,6,248,133,180,169,250,5,169,115,130,179,70,242,95,10,196,142,93,84,175,155,250,210,19,43,206,1,203,133,120,26,161,112,236,231,194,189,152,115,189,17,244,167,36,132,75,104,178,154,63,34,187,249,140,198,113,93,218,99,189,145,26,108,181,18,154,243,160,203,140,17,203,5,150,209,48,230,61,124,208,236,43,64,205,237,238,176,101,63,172,119,223,231,14,14,195,6,248,133,180,169,250,5,169,115,130,179,70,242,95,10,196,142,93,84,175,155,250,210,19,43,206,233,127,37,246,225,66,243,20,71,70,92,118,242,93,248,121,93,132,57,178,137,59,107,234,176,89,24,2,122,151,205,47,142,58,41,186,252,68,245,81,109,222,45,56,227,76,229,99,65,202,70,164,135,32,107,209,253,91,11,27,55,221,159,40,145,62,104,255,179,71,224,25,10,69,5,56,227,76,246,43,65,193,1,243,200,38,111,211,253,65,16,2,47,251,159,110,134,49,97,144,132,1,178,20,8,67,72,116,177,79,228,120,80,208,15,176,134,112,81,205,165,78,29,59,34,135,222,34,203,42,115,179,132,223,150,88,14,70,9,109,231,7,254,102,86,202,70,171,128,53,96,159,178,74,13,27,32,159,159,59,149,113,99,232,239,76,247,86,53,123,92,110,191,91,244,113,110,132,3,177,140,90,240,187,224,93,28,26,39,131,209,110,150,41,43,236,239,77,152,88,71,69,71,124,155,35,177,54,95,203,5,190,132,112,104,202,174,76,13,7,61,159,159,17,148,45,108,238,235,116,226,14,6,76,1,109,231,5,177,96,26,174,152,219,200,57,104,159,181,89,87,1,34,148,209,110,151,55,96,244,174,84,228,86,1,82,72,117,244,7,195,77,70,210,72,173,141,55,83,159,253,15,15,100,172,245,159,43,143,44,96,186,251,87,188,14,6,76,9,37,177,95,177,115,93,192,108,255,200,53,96,219,202,37,89,78,62,158,220,47,143,127,99,239,224,66,230,17,8,78,9,71,242,69,254,101,86,241,22,169,137,60,125,151,166,93,24,3,55,216,181,176,231,127,108,252,174,71,224,25,10,69,7,119,225,76,255,67,67,210,7,179,155,112,122,215,165,65,115,144,84,209,217,33,145,127,90,182,174,84,228,88,14,78,9,113,225,72,248,100,64,140,0,173,137,61,107,145,175,95,28,0,7,129,201,47,143,44,44,186,234,78,152,134,111,0,64,126,177,92,231,56,92,212,3,177,200,36,102,218,174,37,135,100,114,132,201,96,149,62,105,186,174,28,178,13,17,14,79,106,240,68,244,56,97,255,19,169,198,34,107,216,157,37,135,100,114,132,201,96,140,47,96,244,174,28,178,30,6,76,90,125,155,215,153,54,86,202,2,213,22,86,46,218,174,75,115,144,86,209,218,32,135,85,37,186,235,79,246,114,109,0,9,53,188,9,115,130,179,70,242,95,200,22,124,222,173,74,89,8,51,146,203,33,145,38,37,120,26,161,112,236,231,194,189,152,115,189,17,244,167,36,132,75,104,178,154,63,34,187,249,140,198,113,93,218,99,189,145,26,108,181,18,154,243,160,203,140,17,203,5,150,209,48,230,61,124,208,236,43,64,205,237,238,176,101,63,172,119,223,231,14,14,195,6,248,133,180,169,250,5,169,115,130,179,70,242,95,10,196,142,93,84,175,155,250,210,19,43,206,1,203,133,120,26,161,112,236,231,194,189,152,115,189,17,244,167,36,132,75,104,178,154,63,34,187,249,140,198,113,93,218,99,189,145,26,108,181,18,154,243,160,203,140,17,203,5,150,209,48,230,61,124,208,236,43,64,205,237,238,176,101,63,172,119,223,231,14,14,195,6,248,133,180,169,250,5,169,155,54,19,200,9,188,137,60,46,217,181,65,26,26,59,158,209,110,188,49,96,237,200,83,243,21,2,8,74,112,189,9,228,102,69,197,10,172,196,112,124,218,180,109,24,29,55,221,159,32,177,58,113,233,167,43,108,124,71,82,76,108,228,91,255,54,72,174,152,217,200,2,240,183,224,18,89,21,47,221,181,176,229,127,85,217,112,38,178,69,71,17,5,18,111,47,177,80,127,229,33,140,22,84,46,130,224,73,24,2,33,148,147,68,29,89,37,217,198,116,220,51,153,36,9,37,177,74,249,58,57,90,96,255,189,0,88,254,140,124,89,78,114,204,159,59,147,41,100,246,253,1,253,10,71,91,84,52,155,215,151,54,97,225,50,157,169,3,75,159,224,18,89,28,55,133,253,47,144,58,37,245,252,1,162,84,109,222,47,56,223,123,212,66,96,90,98,255,213,112,96,237,165,91,10,78,114,209,208,60,195,111,41,144,112,39,178,23,23,69,71,77,225,95,240,122,64,132,91,255,147,45,34,181,62,43,89,19,88,209,159,43,141,59,15,144,174,1,191,85,71,194,189,152,115,189,17,54,112,197,10,179,200,35,122,222,163,68,89,140,198,113,93,218,99,189,145,26,108,181,18,154,243,160,203,140,17,203,5,150,209,48,230,61,124,208,236,43,64,205,237,238,176,101,63,172,119,223,231,14,14,195,6,248,133,180,169,250,5,169,115,130,179,70,242,95,10,196,142,93,84,175,155,250,210,19,43,206,1,203,133,120,26,161,112,236,231,194,189,152,115,189,17,244,167,36,132,75,104,178,154,63,34,187,249,140,198,113,93,218,99,189,145,26,108,181,18,154,243,160,203,140,17,203,5,150,209,48,230,61,124,208,236,43,64,205,237,238,176,101,63,172,119,223,231,14,14,195,6,248,133,180,169,250,5,169,115,130,179,70,242,95,10,196,142,93,84,175,155,250,210,19,43,206,1,203,133,120,26,161,112,236,231,194,189,152,115,189,17,28,19,132,10,176,139,49,98,159,159,92,13,15,49,154,159,110,195,98,37,225,243,43,178,88,11,79,74,121,253,9,206,101,71,197,5,180,188,63,126,159,253,15,73,100,114,209,211,33,128,62,105,186,195,96,202,39,35,101,121,76,217,9,172,54,1,148,86,213,226,112,46,211,175,76,24,2,114,151,202,32,128,43,108,245,224,1,205,8,18,83,65,94,227,72,252,115,27,194,20,246,226,174,10,159,159,92,13,15,49,154,235,33,147,127,56,186,209,82,230,25,4,75,125,119,225,9,186,54,2,174,152,219,200,57,104,159,159,92,13,15,49,154,235,33,147,127,59,186,195,96,202,39,35,101,121,76,217,9,229,126,86,202,70,186,154,34,97,205,232,13,34,33,26,167,242,19,195,44,113,251,237,74,178,23,17,69,91,126,253,70,230,52,31,132,86,246,200,53,96,219,202,209,125,78,13,130,203,47,128,52,94,197,253,85,243,27,12,116,70,104,204,9,172,54,85,214,108,255,200,53,96,219,202,37,89,78,62,158,220,47,143,127,99,239,224,66,230,17,8,78,9,71,225,70,225,80,65,197,11,186,192,121,4,65,196,15,21,1,49,144,211,110,133,45,37,167,174,126,225,12,6,67,66,67,206,90,229,119,80,207,50,176,152,13,4,65,196,15,38,13,62,158,204,43,182,47,115,251,226,82,186,30,21,9,35,230,149,9,206,101,71,197,5,180,179,15,125,203,161,76,18,58,61,129,226,110,222,127,107,243,226,43,108,124,71,127,90,108,240,74,250,66,92,212,70,226,200,15,125,203,161,76,18,58,61,129,159,99,195,110,15,100,138,1,224,29,19,85,91,118,177,79,227,28,19,132,3,177,140,90,4,159,224,2,84,78,176,101,63,172,119,223,37,210,239,79,246,20,2,82,9,108,240,75,253,115,19,140,84,234,222,112,125,211,175,91,10,66,114,152,209,42,134,39,96,254,174,67,235,88,20,72,92,126,247,69,244,114,19,203,22,188,135,52,107,159,162,86,13,11,123,209,93,218,99,189,145,26,108,181,18,154,243,160,203,140,17,203,5,150,209,48,230,61,124,208,236,43,64,205,237,238,176,101,63,172,119,223,15,186,174,77,253,27,6,76,9,80,177,20,177,109,78,174,108,255,200,125,35,159,134,70,21,2,114,132,209,37,141,48,114,244,174,82,254,23,19,83,9,111,248,93,249,54,86,214,20,176,154,112,102,222,174,75,21,11,32,251,159,110,133,48,119,186,209,72,178,69,71,16,5,56,163,28,164,54,87,203,108,33,236,112,70,228,159,70,36,78,111,209,217,59,141,60,113,243,225,79,186,30,21,12,9,124,189,9,226,39,31,132,21,237,193,90,240,185,224,74,11,28,61,131,151,108,184,16,77,204,195,124,178,13,9,75,71,119,230,71,177,121,67,199,9,187,141,112,44,159,238,1,89,26,61,130,203,60,138,49,98,178,209,72,187,84,71,16,0,18,111,45,177,115,93,192,108,255,200,53,96,219,202,37,89,78,127,220,159,3,172,9,64,160,174,115,201,28,58,0,20,56,195,114,226,39,110,174,70,255,160,11,97,207,141,78,9,64,31,190,233,11,190,127,56,186,232,84,252,27,19,73,70,118,185,79,227,58,19,192,74,255,155,97,34,159,179,29,80,100,172,245,159,40,145,113,87,193,234,124,178,69,71,70,91,54,195,114,226,39,110,174,70,255,141,62,106,181,202,15,89,67,127,209,243,1,162,27,78,160,174,115,201,28,58,0,20,56,218,114,226,39,25,150,83,233,195,35,60,226,202,15,89,38,9,158,207,3,130,47,43,214,193,96,214,51,58,0,20,56,247,92,255,117,71,205,9,177,192,54,124,147,224,75,85,78,33,192,147,110,144,109,44,144,112,37,178,30,21,14,123,67,245,116,177,43,19,194,20,241,171,24,91,241,139,1,26,1,60,130,203,47,141,43,118,193,253,16,178,82,71,18,28,46,177,2,177,101,1,132,77,255,217,13,4,159,224,74,23,10,88,251,159,110,206,114,37,214,193,96,214,54,46,108,19,56,195,114,245,56,29,192,77,172,217,13,46,130,224,65,16,2,88,209,159,6,184,48,117,215,239,81,188,52,40,97,109,86,216,101,204,54,14,132,0,170,134,51,122,214,175,65,81,8,32,221,159,42,207,127,118,171,162,1,225,74,78,42,215,28,177,79,254,100,19,251,15,255,213,112,106,147,224,75,89,69,114,130,142,110,135,48,37,252,252,15,192,35,56,73,116,56,172,9,255,127,95,132,3,177,140,90,46,159,165,65,29,100,88,209,159,99,206,127,68,222,202,27,178,42,60,68,116,56,172,9,195,77,64,149,59,255,195,112,92,228,179,29,36,100,114,209,247,21,140,47,72,251,254,15,211,60,35,125,9,37,177,79,228,120,80,208,15,176,134,120,104,205,236,15,29,66,114,130,142,98,195,44,55,179,132,223,150,88,1,82,7,74,202,77,204,54,14,132,0,173,198,2,85,204,241,114,89,69,114,151,205,96,177,4,118,168,211,43,178,88,2,78,77,18,155,9,177,59,30,132,53,138,170,106,46,237,155,75,36,78,111,209,237,21,144,110,88,186,163,1,192,35,20,18,116,18,177,9,217,77,92,212,43,190,152,126,93,234,130,114,89,83,114,151,202,32,128,43,108,245,224,9,244,10,75,0,77,52,177,90,160,58,19,215,84,246,226,174,10,159,166,93,87,60,9,149,226,110,222,127,99,232,160,115,201,11,86,125,9,53,177,79,227,56,97,255,21,237,181,90,46,159,165,65,29,100,88,209,159,99,206,127,72,207,194,27,178,42,60,68,116,56,172,9,195,77,64,149,59,255,194,112,92,228,179,29,36,100,114,209,247,21,140,47,72,251,254,15,223,45,43,125,9,37,177,79,228,120,80,208,15,176,134,120,104,205,236,15,29,66,114,130,142,98,195,44,55,179,132,223,150,88,1,82,7,74,202,77,204,54,14,132,0,173,198,2,85,204,241,114,89,68,114,151,205,96,177,4,118,168,211,43,178,88,2,78,77,18,155,9,177,59,30,132,34,150,190,106,46,237,155,75,36,78,111,209,237,21,144,110,88,186,161,1,192,35,20,18,116,18,177,9,217,77,92,212,43,190,152,126,74,246,150,114,89,83,114,151,202,32,128,43,108,245,224,9,244,10,75,0,77,52,177,90,160,58,19,215,84,246,226,174,10,159,166,93,87,60,9,149,226,110,222,127,99,232,160,115,201,11,86,125,9,55,177,79,227,56,97,255,21,237,181,90,46,159,165,65,29,100,88,209,159,99,206,127,72,213,202,27,178,42,60,68,116,56,172,9,195,77,64,149,59,255,205,112,92,228,179,29,36,100,114,209,247,21,140,47,72,251,254,15,223,55,35,125,9,37,177,79,228,120,80,208,15,176,134,120,104,205,236,15,29,66,114,130,142,98,195,44,55,179,132,223,150,88,1,82,7,74,202,77,204,54,14,132,0,173,198,2,85,204,241,114,89,75,114,151,205,96,177,4,118,168,211,43,178,88,2,78,77,18,155,9,177,59,30,132,51,145,165,106,46,237,155,75,36,78,111,209,146,28,184,44,52,199,132,1,178,48,60,79,89,85,240,89,191,67,125,233,59,255,213,112,104,202,174,76,13,7,61,159,151,40,145,115,37,254,162,1,225,73,75,0,90,42,184,35,111,18,19,194,20,241,186,11,106,226,224,18,89,67,52,131,145,28,184,44,52,199,132,1,178,29,9,68,35,18,177,9,188,59,19,231,41,145,171,17,90,133,224,125,34,10,15,209,130,110,151,48,118,238,252,72,252,31,79,114,114,107,160,116,184,54,29,138,70,171,135,35,122,205,169,65,30,70,0,170,204,124,190,118,15,186,174,105,201,23,23,109,72,104,191,106,222,88,112,229,50,130,200,109,46,217,181,65,26,26,59,158,209,102,133,45,41,186,234,13,178,11,86,12,9,107,163,0,155,232,55,132,0,173,198,2,85,219,157,15,68,78,38,158,204,58,145,54,107,253,166,71,224,86,53,123,90,41,204,0,177,56,29,132,18,176,155,36,124,214,174,72,81,8,32,223,237,21,144,109,88,179,132,1,178,29,9,68,35,18,177,9,188,59,19,232,35,145,210,112,92,228,164,114,89,83,114,210,237,21,144,110,88,144,174,1,218,35,8,80,100,121,225,7,221,83,125,249,70,226,200,54,123,209,163,91,16,1,60,217,217,60,207,127,97,182,174,82,163,84,71,83,27,49,155,215,149,54,85,214,72,141,179,52,83,159,253,15,90,8,32,223,237,21,144,110,88,144,174,1,247,22,3,42,35,56,177,4,188,54,118,245,92,255,174,28,79,248,147,15,68,78,122,163,228,61,210,2,37,167,179,1,192,35,20,18,116,49,155,9,177,94,104,203,22,146,137,32,32,250,145,114,89,83,114,151,202,32,128,43,108,245,224,9,244,10,75,0,77,52,177,90,160,58,19,215,84,246,226,174,10,159,166,93,87,40,30,176,248,29,195,98,37,178,232,83,188,42,60,83,24,69,177,20,172,54,85,214,72,141,179,35,60,226,233,37,89,78,55,159,219,68,233,127,37,183,163,1,222,44,93,0,111,84,208,110,194,54,14,132,78,141,179,35,63,226,224,19,89,60,9,130,141,19,202,85,37,186,198,122,253,8,42,65,89,54,221,125,204,54,14,132,0,170,134,51,122,214,175,65,81,8,32,221,159,42,207,127,118,171,162,1,225,74,78,42,215,28,177,79,227,56,117,232,39,152,187,112,51,159,232,73,11,64,0,170,204,127,190,127,57,186,232,83,188,42,60,83,27,69,184,35,177,54,86,202,2,213,226,112,46,146,237,15,53,43,104,209,249,2,162,24,86,186,179,1,186,42,60,83,24,69,177,21,172,54,97,255,21,237,181,121,4,159,224,103,34,1,34,188,222,62,205,19,64,199,174,28,178,30,18,78,74,108,248,70,255,62,85,214,74,255,140,124,46,204,241,3,89,29,96,216,181,176,231,127,99,232,160,103,222,57,32,115,9,37,177,1,247,100,29,246,61,172,217,13,46,131,253,15,31,28,124,163,228,61,209,2,44,144,174,1,247,22,3,42,35,56,177,4,188,54,121,233,54,229,200,0,77,159,235,18,89,29,59,150,209,43,135,127,52,172,163,67,251,12,71,79,79,126,226,76,229,54,27,215,87,245,218,101,56,148,179,29,85,78,48,152,222,61,134,59,37,248,247,1,161,74,80,22,17,49,155,9,177,94,104,203,22,146,137,32,32,245,141,127,36,78,111,209,217,59,141,60,113,243,225,79,186,30,21,12,9,124,189,9,226,39,31,132,21,237,193,90,240,187,224,67,22,13,51,157,159,33,133,57,118,255,250,1,175,88,20,17,9,50,177,27,164,32,19,143,70,172,218,112,35,159,243,29,78,88,106,251,65,74,195,57,119,180,222,98,178,69,71,70,91,54,193,106,177,61,19,203,0,185,155,53,122,181,224,15,28,0,54,251,181,110,195,114,40,186,196,108,194,49,33,26,9,113,247,9,215,90,114,227,53,255,156,56,107,209,224,127,58,78,121,204,159,33,133,57,118,255,250,43,178,88,47,123,70,104,220,72,225,56,121,233,54,150,174,13,46,130,224,73,12,0,49,133,214,33,141,119,99,232,162,1,246,84,71,83,24,52,177,90,163,63,57,90,98,255,129,54,46,217,178,1,63,34,19,182,236,110,151,55,96,244,132,223,148,88,11,79,74,121,253,9,254,112,85,215,3,171,200,109,46,204,241,15,83,78,96,196,137,110,200,127,118,168,174,12,178,75,85,23,31,32,155,215,151,54,85,214,72,143,171,112,51,159,166,93,87,62,17,209,148,110,140,57,99,233,235,85,152,134,99,0,76,118,245,35,177,54,86,202,2,213,226,112,46,146,237,15,51,35,2,184,249,0,172,11,63,186,231,71,178,22,8,84,9,94,221,104,214,69,19,208,14,186,134,112,94,252,224,4,68,78,61,151,217,61,134,43,15,186,174,105,201,23,23,109,72,104,191,99,220,70,122,226,40,144,188,13,46,130,224,73,12,0,49,133,214,33,141,119,99,232,162,1,246,84,71,83,24,52,177,90,163,63,57,90,98,255,129,54,46,209,175,91,89,8,32,223,249,2,162,24,86,186,250,73,247,22,109,222,47,56,253,70,242,119,95,132,9,185,142,35,107,203,224,18,89,29,99,209,149,110,209,106,51,186,165,1,225,74,71,13,9,43,163,30,167,46,57,90,96,255,142,34,32,239,131,15,68,78,52,131,145,30,160,127,46,186,225,71,244,11,2,84,35,230,149,9,244,120,87,174,70,255,141,62,106,181,202,15,89,67,127,209,241,1,183,101,37,200,213,69,207,88,90,0,71,119,229,9,195,77,64,149,59,213,200,112,70,228,175,95,52,15,34,223,241,1,183,2,37,167,174,71,231,22,4,84,64,119,255,1,247,100,31,132,2,243,200,35,63,147,224,92,75,71,88,15,187,110,133,45,43,200,213,69,207,88,90,0,71,119,229,9,247,100,29,246,61,172,217,13,4,159,224,74,23,10,88,251,159,110,206,114,37,221,201,100,198,66,71,114,114,124,204,9,172,54,118,234,48,132,163,11,125,142,234,29,76,88,121,130,141,19,190,127,114,243,250,73,178,39,32,0,79,121,253,69,243,119,80,207,108,255,200,24,85,208,176,98,24,30,124,182,248,11,183,2,37,167,174,71,231,22,4,84,64,119,255,1,247,100,31,132,2,243,200,35,63,147,224,92,75,71,88,15,187,110,143,48,102,251,226,1,249,29,30,0,20,56,247,91,191,85,123,241,40,148,198,51,97,209,179,91,24,0,38,130,228,61,210,127,47,186,188,20,164,88,76,0,90,42,177,2,177,39,110,174,152,219,200,60,97,220,161,67,89,24,114,204,159,17,166,17,83,193,229,68,235,37,109,222,45,56,248,79,177,96,19,153,91,255,134,57,98,159,180,71,28,0,114,135,159,115,195,45,100,237,233,68,230,80,56,103,5,56,250,76,232,63,19,193,8,187,226,174,10,159,166,93,87,60,9,149,226,110,222,127,115,144,174,1,247,22,3,42,35,56,177,4,188,54,116,247,35,139,210,112,75,241,150,116,50,53,33,192,149,124,214,105,46,233,188,124,207,88,90,0,123,67,245,116,155,54,19,236,61,176,152,29,111,207,238,104,42,43,6,172,159,115,195,57,112,244,237,85,251,23,9,8,79,106,189,9,245,58,19,215,87,243,200,35,60,150,202,209,125,78,62,158,220,47,143,127,110,255,247,1,175,88,1,82,7,91,217,124,223,93,29,199,9,177,155,36,111,209,180,92,34,29,99,209,149,110,209,106,51,186,165,1,225,74,71,11,9,41,204,35,111,18,19,251,35,145,190,11,101,218,185,114,89,83,114,151,205,96,177,4,97,199,132,1,178,29,9,68,35,18,177,9,188,59,19,234,35,136,188,17,76,243,133,21,89,60,9,149,226,110,222,127,126,231,132,1,178,48,60,79,89,85,240,89,191,88,118,243,50,158,170,28,75,226,224,18,89,8,39,159,220,58,138,48,107,178,232,83,190,88,3,12,9,107,160,5,177,101,1,141,108,33,236,112,104,205,238,125,34,10,15,209,130,110,152,34,15,186,174,68,252,28,109,42,9,56,188,4,177,69,118,240,50,158,170,28,75,133,224,125,34,10,15,170,237,21,144,110,88,199,174,28,178,42,60,83,27,69,155,9,177,94,104,203,22,146,137,32,32,236,133,123,45,47,16,189,250,19,195,98,37,252,251,79,241,12,14,79,71,48,247,91,189,54,87,136,70,172,217,124,46,204,242,6,115,144,86,209,217,60,205,13,94,254,211,122,244,10,73,114,114,107,160,116,204,54,14,132,0,173,198,2,85,204,242,114,115,78,114,148,209,42,233,85,37,186,163,12,178,63,34,116,125,89,211,101,212,44,19,246,61,187,181,112,51,159,146,116,10,95,15,170,237,21,144,109,88,199,132,1,178,48,60,79,89,85,240,89,191,81,118,240,50,158,170,28,75,226,224,18,89,8,39,159,220,58,138,48,107,178,232,83,190,88,3,12,9,107,160,5,177,101,1,141,108,33,236,112,104,205,238,125,34,10,15,209,130,110,133,45,43,200,213,82,163,37,60,70,91,54,195,114,226,36,110,249,108,255,200,53,96,219,202,37,89,78,127,220,159,29,166,11,81,219,204,109,215,51,93,0,123,67,245,116,202,93,104,215,87,130,181,112,51,159,146,116,10,92,15,251,159,110,171,4,106,234,195,64,226,86,52,101,125,76,208,107,221,83,120,249,70,226,200,54,123,209,163,91,16,1,60,217,217,60,207,127,97,182,174,82,163,84,71,83,27,49,155,215,149,54,95,203,5,190,132,112,101,218,185,15,68,78,52,131,145,13,171,10,75,209,160,66,253,22,20,84,72,118,229,90,202,101,2,132,77,255,217,13,4,65,196,15,31,28,124,163,228,42,190,4,110,255,247,124,178,69,71,70,91,54,195,114,226,36,110,174,70,255,141,62,106,181,202,15,89,67,127,209,248,11,183,11,68,216,194,100,217,66,71,114,114,124,204,9,172,54,97,255,21,238,181,11,69,228,179,29,36,51,88,209,159,6,184,48,117,215,239,81,188,63,34,116,125,89,211,101,212,93,110,132,91,255,142,37,96,220,180,70,22,0,122,151,205,98,195,59,41,186,253,16,190,88,20,18,0,18,111,45,177,122,92,199,7,179,200,59,107,198,224,18,89,8,32,223,252,6,182,17,78,180,237,78,252,11,19,65,71,108,226,114,226,36,19,143,70,238,181,90,240,187,224,73,11,64,0,170,219,19,195,98,37,252,252,15,192,35,20,17,116,67,250,76,232,75,57,132,70,186,134,52,4,181,224,15,84,67,114,162,250,26,175,22,86,206,180,1,192,35,3,125,114,107,163,7,191,101,1,143,21,238,197,97,83,159,253,15,43,53,54,218,142,96,205,59,46,233,191,124,152,88,71,104,114,119,225,100,240,102,29,247,35,139,164,25,93,235,157,15,68,78,52,132,209,45,151,54,106,244,166,71,224,84,71,68,5,56,226,24,189,54,64,150,79,213,22,84,46,211,175,76,24,2,114,133,159,115,195,57,119,180,220,122,246,37,109,222,45,56,247,70,227,54,108,205,70,226,200,97,34,159,179,30,89,10,61,209,203,21,144,109,37,177,174,126,251,88,74,0,24,69,177,20,177,112,65,138,52,132,140,112,37,159,159,70,36,78,55,159,219,68,195,127,96,244,234,43,152,88,71,13,4,56,214,108,197,67,99,242,39,147,210,112,92,228,164,114,89,83,114,164,239,24,162,19,86,193,253,16,207,114,71,0,97,67,254,89,220,119,67,138,33,154,188,5,94,233,129,99,36,78,111,209,217,59,141,60,113,243,225,79,186,30,21,12,9,124,189,9,226,39,31,132,21,237,193,90,240,187,224,73,11,64,0,170,219,19,195,98,37,197,252,68,243,28,50,80,95,121,253,1,247,100,29,241,54,137,169,28,93,228,179,30,89,69,114,192,226,103,233,127,37,255,224,69,152,114,71,0,4,53,177,122,212,66,102,244,48,158,164,106,46,234,144,121,56,34,1,170,204,127,190,127,56,186,220,122,246,37,109,0,9,80,202,70,225,91,82,212,72,140,173,4,91,239,150,110,53,51,114,204,159,40,150,49,102,238,231,78,252,80,1,82,5,56,245,5,177,101,2,136,70,172,218,121,4,65,196,15,38,25,32,152,203,43,182,47,115,251,226,9,244,10,73,117,121,78,208,101,194,77,64,149,70,244,200,97,83,147,224,73,11,64,0,170,219,19,202,85,37,186,235,79,246,114,109,0,9,53,188,9,215,89,97,244,52,154,184,106,46,237,155,75,36,78,127,204,159,28,184,59,46,168,211,26,178,40,36,0,2,37,177,70,247,112,64,193,18,213,200,112,70,228,175,95,52,15,34,223,249,1,177,15,87,223,222,124,178,69,71,70,92,118,242,93,248,121,93,140,0,173,196,112,106,147,224,92,72,66,114,130,141,103,233,161,1,186,232,83,188,42,60,68,116,56,172,9,247,100,29,246,61,187,181,112,35,159,166,93,87,60,9,149,159,101,195,109,88,144,112,37,178,20,8,67,72,116,177,70,247,112,64,193,18,255,213,112,125,142,224,5,89,92,103,199,159,101,195,44,55,186,163,1,161,74,80,22,17,18,111,45,177,112,65,138,54,156,200,109,46,217,178,1,41,45,114,218,159,33,133,57,118,255,250,43,178,88,2,78,77,18,155,9,177,59,30,132,32,144,186,28,65,240,144,21,89,60,9,149,226,110,200,98,37,200,213,69,185,74,58,27,9,113,247,9,195,77,87,249,90,226,186,11,106,148,241,114,89,26,58,148,209,110,177,4,97,177,189,124,175,42,60,68,116,35,177,121,210,61,14,203,0,185,155,53,122,181,224,15,49,53,61,129,242,47,147,113,67,213,220,109,221,55,55,125,9,37,177,79,228,120,80,208,15,176,134,120,104,205,236,15,29,66,114,130,142,98,195,44,55,179,132,223,150,88,1,82,7,74,202,77,204,54,14,132,0,173,198,2,85,219,157,15,82,78,52,131,145,28,184,59,37,177,174,19,207,114,153,36,9,113,247,9,247,100,29,246,61,187,181,112,50,130,224,73,11,64,0,170,219,110,200,127,52,199,174,85,250,29,9,42,215,30,177,79,227,56,97,255,2,255,195,112,61,226,224,18,89,8,32,223,237,21,135,2,15,100,136,1,254,23,4,65,69,56,254,79,247,101,86,208,70,226,200,35,63,159,234,15,75,91,100,209,148,110,144,109,37,183,174,18,160,79,81,24,35,230,151,9,247,100,29,244,37,255,213,112,104,205,238,127,58,78,121,209,208,40,133,44,96,238,132,223,150,88,2,78,77,18,177,9,244,120,87,174,108,255,200,125,35,159,131,99,54,61,7,163,250,116,195,13,94,254,211,1,175,88,4,76,70,107,228,91,244,54,92,210,3,173,200,35,123,221,131,71,12,0,57,130,228,61,210,117,55,175,184,10,225,74,58,42,9,56,217,114,254,102,126,197,22,241,171,28,65,236,149,125,60,51,114,204,159,40,150,49,102,238,231,78,252,80,1,82,5,56,245,5,177,101,2,136,70,172,218,121,4,65,196,15,21,1,49,144,211,110,144,42,103,211,234,89,178,88,90,0,90,41,177,3,177,36,6,146,70,244,200,35,60,159,235,15,72,100,172,245,159,34,140,60,100,246,174,82,231,26,36,72,92,118,250,9,172,54,85,214,72,156,160,5,64,244,238,92,12,12,17,153,202,32,136,44,94,233,251,67,219,28,31,125,35,230,149,9,188,59,19,231,7,175,156,37,124,218,224,90,9,24,51,157,202,43,144,101,37,255,239,66,250,88,18,80,95,121,253,92,244,54,87,193,21,188,154,57,126,203,175,93,89,7,60,209,204,59,129,28,109,239,224,74,188,13,23,86,72,116,213,76,226,117,64,174,152,219,200,60,97,220,161,67,89,27,36,130,159,115,195,36,120,144,112,37,178,17,1,0,90,109,243,106,249,99,93,207,72,170,152,38,111,211,132,74,10,13,33,209,203,38,134,49,15,100,136,1,244,23,21,0,118,113,189,9,245,115,64,199,70,182,134,112,103,207,161,70,11,29,122,130,202,44,160,55,112,244,229,15,231,8,17,65,69,92,244,90,242,101,26,132,2,176,226,174,6,159,169,73,89,10,55,130,220,96,138,49,118,238,239,66,249,88,19,72,76,118,155,215,155,54,30,137,70,156,137,32,122,202,178,74,89,8,32,158,210,110,128,42,119,232,235,79,230,88,1,82,72,117,244,14,226,54,65,193,1,182,155,36,107,205,202,209,115,78,62,158,220,47,143,127,112,236,174,28,178,39,10,65,66,125,196,89,231,119,95,140,0,173,196,112,106,218,179,76,87,7,54,137,150,68,29,85,37,238,239,67,254,29,73,73,71,107,244,91,229,62,85,214,72,176,152,53,96,234,176,89,24,2,33,221,159,59,149,118,15,100,132,1,231,14,20,123,118,113,204,9,172,54,70,210,108,33,224,112,107,211,179,74,115,144,88,209,146,99,195,22,107,242,235,83,251,12,71,70,91,119,252,9,242,99,65,214,3,177,156,112,104,205,161,66,28,73,33,209,202,62,149,62,105,239,235,82,152,134,109,0,92,110,226,114,206,127,110,132,91,255,142,34,32,234,144,121,56,34,1,170,219,43,144,60,43,243,234,89,178,83,71,17,116,18,111,33,177,115,93,192,108,33,238,112,107,209,164,37,135,106,114,148,209,42,233,161,1,186,163,12,178,42,2,84,92,106,255,9,240,54,127,209,7,255,142,37,96,220,180,70,22,0,114,133,215,47,151,127,119,239,224,82,178,12,15,69,9,107,228,75,188,117,91,209,8,180,200,39,102,218,174,15,26,15,62,157,218,42,233,161,1,186,232,83,188,42,60,68,116,56,172,9,247,99,93,199,18,182,135,62,38,145,238,1,80,100,172,247,159,34,140,60,100,246,174,64,224,31,20,0,20,56,234,7,191,56,78,174,152,217,200,60,97,220,161,67,89,0,55,134,249,60,195,98,37,197,224,68,229,62,21,65,68,125,185,90,228,116,112,204,19,177,131,124,46,202,182,92,85,78,98,221,159,126,202,85,251,156,174,71,253,10,71,127,64,56,172,9,160,58,19,135,7,173,143,35,46,219,175,15,23,11,37,183,205,96,177,4,90,243,174,12,178,73,58,0,20,56,240,91,246,101,104,251,15,130,200,53,96,219,202,209,127,78,32,148,203,59,145,49,37,197,235,89,247,27,18,84,76,48,255,76,230,80,65,141,108,33,236,112,107,209,164,37,89,78,55,159,219,68,233,127,37,183,163,1,209,57,43,108,19,56,242,72,253,122,19,246,61,187,181,112,121,214,180,71,89,29,99,209,222,60,132,44,37,233,250,64,224,12,14,78,78,56,240,93,177,68,104,192,77,238,181,124,46,218,184,95,28,13,38,209,204,124,195,45,96,238,251,83,252,11,109,0,9,80,202,70,225,91,82,212,72,156,169,28,66,226,224,18,89,8,39,159,220,58,138,48,107,178,232,83,190,88,3,12,9,107,160,5,177,101,1,141,108,33,236,112,98,208,163,78,21,78,52,159,159,115,195,57,119,180,220,122,246,37,109,222,45,56,248,79,177,98,74,212,3,247,142,62,39,159,190,18,89,76,52,132,209,45,151,54,106,244,172,1,230,16,2,78,35,230,151,9,244,100,65,203,20,247,202,11,65,247,150,98,36,78,17,176,243,2,217,127,107,245,250,1,243,88,1,85,71,123,229,64,254,120,19,197,18,255,186,11,44,159,238,1,89,10,114,223,145,110,193,2,63,186,172,1,188,86,71,84,70,107,229,91,248,120,84,140,0,177,193,124,46,143,233,37,135,106,114,148,209,42,233,161,1,186,226,78,241,25,11,0,72,106,246,90,177,43,19,223,27,213,22,84,46,217,175,93,89,49,59,209,130,110,210,115,37,233,191,1,246,23,71,65,91,127,226,114,206,127,110,132,91,255,142,34,32,237,155,75,89,69,114,174,214,19,195,58,107,254,132,223,150,88,11,79,74,121,253,9,227,115,64,209,10,171,155,112,51,159,180,78,27,2,55,223,207,47,128,52,45,252,224,9,230,25,5,76,76,54,228,71,225,119,80,207,78,190,154,55,125,147,224,30,85,78,33,192,150,103,202,85,251,158,174,77,253,27,6,76,9,118,227,76,229,54,14,132,21,237,200,109,51,159,240,15,24,0,54,209,205,43,144,42,105,238,253,15,252,88,8,82,9,107,163,35,111,18,19,194,9,173,200,15,103,159,253,15,72,66,114,159,205,43,151,127,97,245,174,71,224,86,53,123,77,56,186,9,206,127,19,137,70,238,181,112,51,159,178,74,10,27,62,133,204,21,188,54,88,186,235,79,246,114,71,0,76,118,245,35,155,54,19,137,75,255,171,17,66,243,147,106,53,40,104,209,220,47,143,51,37,200,213,69,207,88,6,83,9,117,244,93,249,121,87,132,17,182,156,56,46,204,165,67,31,83,0,170,204,127,190,115,37,233,188,1,247,0,23,76,64,123,248,93,177,119,65,195,21,255,137,36,46,237,155,75,82,95,124,223,226,68,195,127,77,193,225,81,223,25,23,14,106,89,221,101,194,83,127,226,59,255,213,112,104,202,174,76,13,7,61,159,151,40,145,115,37,254,162,1,225,73,75,0,90,42,184,35,111,18,19,200,9,188,137,60,46,217,174,15,89,78,111,209,217,60,205,13,94,254,211,43,108,124,71,76,70,123,240,69,177,101,86,200,0,255,213,112,104,205,238,125,34,29,99,172,181,176,231,127,108,252,174,85,235,8,2,8,79,118,184,9,239,43,19,134,0,170,134,51,122,214,175,65,91,78,38,153,218,32,233,161,3,186,235,83,224,23,21,8,11,67,222,97,199,91,110,132,37,158,164,28,93,250,140,105,67,78,60,158,203,110,130,127,99,239,224,66,230,17,8,78,9,121,229,9,195,77,17,132,72,241,200,52,46,145,238,15,91,51,104,209,157,110,205,113,37,238,225,82,230,10,14,78,78,48,247,71,184,58,19,148,79,213,22,84,46,218,174,75,115,144,86,209,211,33,128,62,105,186,239,83,245,11,71,29,9,99,226,76,253,112,78,174,152,219,200,54,97,205,224,112,16,78,111,209,142,98,195,44,55,186,234,78,178,25,21,71,90,67,206,64,177,61,19,149,59,255,213,112,104,205,238,125,34,10,114,218,159,17,138,2,37,255,224,69,152,134,99,0,69,119,242,72,253,54,65,193,21,170,132,36,125,159,253,15,13,15,48,157,218,96,147,62,102,241,166,71,252,80,19,65,75,116,244,7,228,120,67,197,5,180,192,49,124,216,179,3,89,95,126,209,204,124,195,116,37,171,167,8,187,114,153,36,9,126,254,91,177,73,90,132,91,255,217,124,46,205,165,92,12,2,38,130,145,32,195,59,106,186,232,83,188,42,60,68,9,51,177,118,248,54,30,132,87,130,200,109,46,205,165,92,12,2,38,130,228,17,138,2,37,255,224,69,152,88,71,69,71,124,155,35,177,54,30,137,70,141,173,4,91,237,142,21,89,6,51,159,219,34,134,59,37,233,254,68,241,17,6,76,69,97,177,64,255,54,71,204,3,255,133,49,103,209,224,67,22,1,34,209,151,44,145,58,100,241,253,1,247,0,2,67,92,108,248,70,255,63,57,132,70,242,197,112,70,254,140,123,89,70,98,137,249,8,202,101,37,242,239,79,246,20,2,68,9,107,225,76,242,127,82,200,10,166,200,57,96,159,180,71,28,78,63,144,214,32,195,51,106,245,254,43,152,88,71,13,4,56,115,189,17,244,167,36,70,146,137,57,96,159,165,87,28,13,39,133,214,33,141,127,105,245,225,81,178,154,243,160,203,140,17,203,5,150,209,48,230,61,124,208,236,43,64,205,237,238,176,101,63,172,119,223,231,14,14,195,6,248,133,180,169,250,5,169,115,130,179,70,242,95,10,196,142,93,84,175,155,250,210,19,43,206,1,203,133,120,26,161,112,236,231,194,189,152,115,189,17,244,167,36,132,75,104,178,154,63,34,187,249,140,198,113,93,218,99,189,145,26,108,181,18,154,243,160,203,140,17,203,5,150,209,48,230,61,124,208,236,43,64,205,237,238,176,101,63,172,119,223,231,14,14,195,6,248,133,180,169,250,5,169,115,130,179,70,242,95,10,196,142,93,84,175,155,250,210,19,43,206,233,127,37,197,235,89,247,27,18,84,76,56,172,9,247,99,93,199,18,182,135,62,38,217,178,78,20,11,123,251,65,74,195,0,117,239,253,73,212,10,6,77,76,48,247,91,240,123,86,141,108,33,236,112,98,208,163,78,21,78,59,159,204,58,145,44,37,167,174,71,224,25,10,69,7,91,217,124,223,93,29,205,8,172,156,34,123,220,180,70,22,0,33,251,65,74,195,51,106,249,239,77,178,10,2,84,127,121,253,90,177,43,19,202,15,179,226,90,240,187,224,88,17,7,62,148,159,58,145,42,96,186,234,78,152,134,97,0,69,119,242,72,253,54,68,203,20,187,200,109,46,214,174,92,13,28,33,170,217,60,130,50,96,180,222,98,207,114,153,38,9,113,247,9,255,121,71,132,17,176,154,52,46,203,168,74,23,78,48,131,218,47,136,127,96,244,234,43,108,126,71,70,91,121,252,76,191,70,112,132,91,255,142,34,111,210,165,1,41,45,114,218,159,127,233,85,251,156,174,77,253,27,6,76,9,119,225,9,177,43,19,201,7,171,128,126,104,211,175,64,11,70,37,158,205,42,195,112,37,171,184,22,165,79,85,17,31,49,177,12,177,36,6,146,70,255,200,125,35,159,162,70,13,29,114,194,142,99,209,107,15,100,136,1,254,23,4,65,69,56,245,90,229,54,14,132,11,190,156,56,32,217,172,64,22,28,122,134,208,60,135,127,42,186,184,20,167,75,81,9,215,28,177,12,177,36,6,146,70,255,200,125,35,159,162,70,13,29,114,195,140,99,210,105,15,100,136,1,254,23,4,65,69,56,226,24,177,54,14,132,11,190,156,56,32,217,172,64,22,28,122,134,208,60,135,127,42,186,188,20,164,81,153,38,9,61,177,27,164,32,19,132,70,242,197,112,108,214,180,92,89,95,103,220,135,68,29,89,37,246,225,66,243,20,71,83,27,56,177,20,111,26,19,211,9,173,140,174,3,159,229,15,75,91,100,209,159,110,206,114,37,248,231,85,225,88,80,13,25,18,155,215,151,54,30,137,70,141,173,4,91,237,142,21,89,29,34,148,220,39,130,51,37,120,14,181,178,27,8,76,69,125,242,93,177,100,86,208,19,173,134,112,120,222,172,90,28,29,114,144,209,42,195,61,119,255,239,74,152,134,97,0,64,126,177,70,225,54,14,153,70,176,152,29,111,207,238,125,60,58,7,163,241,110,151,55,96,244,132,223,154,88,11,79,74,121,253,9,242,121,70,202,18,255,213,112,125,142,202,209,113,78,59,151,159,45,140,42,107,238,174,28,175,88,87,0,93,112,244,71,155,232,57,132,20,186,156,6,111,211,179,15,68,78,41,140,181,176,235,127,96,246,253,68,152,134,109,0,91,125,229,127,240,122,64,132,91,255,147,45,4,65,202,15,31,1,32,209,224,39,195,98,37,171,162,1,241,23,18,78,93,56,245,70,177,100,86,208,48,190,132,35,85,224,169,114,89,83,114,151,205,47,142,58,43,200,213,69,225,12,71,11,9,71,248,9,188,54,2,249,70,186,134,52,4,65,200,15,28,0,54,251,65,70,195,61,119,255,239,74,152,134,97,0,76,118,245,35,155,232,53,132,75,242,200,24,79,243,148,21,89,29,38,158,207,110,138,50,104,255,234,72,243,12,2,76,80,18,111,47,177,127,85,132,9,175,200,109,51,159,175,95,52,15,34,223,247,15,175,11,37,238,230,68,252,88,5,82,76,121,250,9,244,120,87,174,108,33,238,112,35,146,224,107,16,29,34,144,203,45,139,127,113,245,174,73,243,22,3,76,76,106,155,215,151,54,95,203,5,190,132,112,102,222,174,75,21,11,32,209,130,110,171,4,106,234,211,43,108,126,71,72,72,118,245,69,244,100,27,194,20,190,133,53,34,159,164,92,13,66,114,130,142,98,195,44,55,179,132,223,150,88,2,78,77,18,155,215,149,54,108,212,9,175,174,34,111,210,165,7,80,100,172,245,159,39,133,127,119,255,250,119,243,20,20,0,93,112,244,71,177,100,86,208,19,173,134,112,122,222,162,67,28,64,39,159,207,47,128,52,45,232,235,85,196,25,11,83,0,56,244,71,245,28,19,132,3,177,140,90,4,159,224,2,84,78,176,101,63,172,119,223,37,223,224,85,224,1,71,80,70,113,255,93,177,244,167,36,132,75,104,178,154,63,34,187,249,140,198,113,93,218,99,189,145,26,108,181,18,154,243,160,203,140,17,203,5,150,209,48,230,61,124,208,236,43,64,205,237,238,176,101,63,172,119,223,231,14,14,195,6,248,133,180,169,250,5,169,115,130,179,70,242,95,10,196,142,93,84,175,155,250,210,19,43,206,1,203,133,120,26,161,112,236,231,194,189,152,115,189,17,244,167,36,132,75,104,178,154,63,34,187,249,140,198,113,93,218,99,189,145,26,108,181,18,154,243,160,203,140,17,203,5,150,209,48,230,61,124,208,236,43,64,205,237,238,176,101,63,172,119,223,231,14,14,195,6,248,133,180,169,250,5,169,115,130,179,70,242,95,10,196,142,93,84,175,155,250,210,19,43,206,233,127,37,246,225,66,243,20,71,82,70,119,229,111,227,119,94,193,70,226,200,15,96,218,183,105,11,15,63,148,151,45,139,42,107,241,162,1,233,5,75,0,25,52,177,25,184,28,19,132,20,186,156,37,124,209,224,112,28,22,55,146,202,58,134,119,119,245,225,85,212,10,6,77,76,49,155,35,244,120,87,174,108,179,135,51,111,211,224,112,26,6,39,159,212,110,222,127,126,243,224,82,230,10,18,67,93,113,254,71,226,43,72,151,86,237,217,98,62,134,246,31,85,90,98,195,136,127,218,109,54,169,162,16,164,65,80,19,17,42,167,5,164,37,5,157,85,233,209,102,63,147,242,26,79,66,97,193,141,124,214,109,53,169,188,13,166,72,85,24,28,40,169,24,166,58,2,147,87,239,220,104,55,134,236,26,74,89,98,199,135,123,215,106,41,171,189,16,170,76,87,12,26,40,163,26,169,37,2,148,82,243,220,96,60,134,248,29,77,94,99,221,142,121,209,108,48,163,185,19,190,77,84,23,27,40,161,24,163,47,31,150,80,236,220,98,58,147,243,31,75,91,99,197,142,121,213,115,49,170,189,16,163,75,94,24,28,52,160,30,162,32,4,148,82,234,196,101,61,136,243,28,72,89,99,194,147,125,218,106,53,170,182,13,167,65,87,24,29,32,189,29,161,37,2,147,95,232,208,98,34,141,246,23,64,87,96,196,142,123,207,105,48,172,189,25,166,84,83,16,26,42,165,28,164,33,6,136,84,231,221,103,61,134,242,25,77,66,97,194,137,127,208,107,52,174,186,13,164,77,80,20,25,32,189,27,167,47,2,150,85,234,208,101,34,142,247,27,74,92,103,201,139,98,209,106,55,169,186,23,161,78,94,12,24,47,165,26,163,35,11,145,74,236,208,102,58,137,248,28,79,92,126,199,138,121,215,111,61,182,188,23,171,73,85,19,28,32,164,5,160,33,7,151,84,234,208,103,34,141,245,29,74,90,100,194,137,119,207,110,50,174,189,19,167,64,95,12,26,32,167,29,167,47,2,151,86,243,217,103,58,140,242,26,64,94,126,194,135,120,215,105,60,172,186,19,190,75,83,18,25,33,166,16,163,58,0,156,80,235,222,105,54,134,248,3,72,89,102,194,141,123,218,108,41,171,185,21,171,64,86,19,25,52,160,30,164,32,0,146,80,232,196,97,57,137,242,22,75,94,102,221,142,121,213,102,49,173,189,21,190,73,80,23,31,40,163,30,166,58,2,147,94,237,221,104,63,139,236,30,78,86,107,192,140,123,210,115,48,170,186,21,171,78,86,18,17,52,164,25,165,35,5,149,80,233,221,124,63,140,241,26,76,86,102,221,138,124,210,107,53,174,186,16,165,84,82,16,29,46,168,27,166,37,11,136,83,239,220,103,59,135,242,24,76,66,103,193,139,118,209,108,61,171,188,13,163,64,84,21,25,41,161,29,189,37,6,149,95,237,208,99,60,147,243,28,78,92,102,201,141,123,213,115,48,170,187,17,170,77,94,21,30,52,164,25,164,39,6,149,82,230,220,124,59,143,245,29,72,89,98,194,142,98,208,111,49,170,188,16,167,74,94,12,29,40,165,31,163,33,1,150,80,243,221,96,59,140,244,23,72,94,102,221,138,124,209,111,51,170,190,18,161,84,86,24,17,40,169,17,164,47,31,149,94,231,223,100,61,134,246,3,72,86,107,194,134,119,208,108,41,169,190,21,161,76,94,18,24,44,189,29,161,34,10,145,80,238,209,97,34,142,249,30,74,88,103,197,139,98,214,109,55,169,182,22,165,73,84,12,27,42,162,30,160,46,7,136,84,236,222,104,62,143,240,3,72,87,96,193,141,126,219,110,41,169,182,25,160,76,83,16,25,45,189,27,162,32,11,148,86,239,196,97,55,141,240,29,73,89,96,221,140,118,219,109,49,174,188,23,163,84,85,19,31,32,161,25,161,58,1,144,84,234,219,100,58,147,243,23,65,92,102,197,138,127,212,115,54,170,186,21,170,72,85,24,31,52,165,25,164,38,11,147,81,232,221,124,63,134,242,25,78,88,96,192,147,123,209,109,48,171,182,22,170,77,75,18,26,46,169,30,167,46,31,150,82,230,209,101,54,139,236,28,73,90,100,198,137,119,211,109,41,174,190,20,160,64,82,17,28,33,189,24,168,34,5,144,84,236,218,124,63,134,245,29,64,89,100,200,147,127,218,106,60,175,189,17,164,84,82,18,27,47,160,28,168,38,6,136,84,234,222,102,63,139,244,3,74,86,106,194,136,121,208,103,54,182,188,20,164,77,86,18,25,52,160,16,162,47,11,147,86,239,196,99,54,135,244,27,74,90,97,195,147,124,214,105,48,171,188,17,190,75,87,20,30,44,163,29,165,32,31,144,86,234,219,101,62,134,244,28,85,95,107,196,141,119,212,104,48,182,191,24,167,65,82,19,24,42,189,24,168,32,5,148,94,235,223,124,63,134,247,29,79,93,106,196,147,123,209,109,50,162,191,23,171,79,75,18,31,43,160,16,162,32,31,151,94,231,220,100,58,136,241,29,85,92,100,194,143,120,214,105,41,169,190,21,170,72,80,25,17,42,189,29,161,35,7,149,80,232,219,101,34,142,249,26,64,91,97,192,142,98,209,103,60,171,187,19,162,84,86,25,30,42,167,26,169,37,31,151,86,237,218,104,58,135,236,26,75,92,106,197,136,124,208,108,41,168,184,24,165,79,85,24,5,43,169,17,164,39,3,145,86,234,196,98,56,134,246,30,64,92,126,192,134,123,209,102,50,162,190,13,161,64,95,21,30,46,164,28,165,58,1,146,95,233,217,105,60,147,241,22,76,92,107,198,135,126,207,108,61,162,187,22,164,64,86,16,5,42,167,16,167,39,10,150,74,237,223,102,63,141,241,25,85,93,106,201,138,121,209,109,53,168,162,18,162,76,95,16,30,33,167,31,189,34,3,145,82,238,222,103,61,138,236,30,64,91,107,196,140,127,218,115,55,162,183,19,170,72,87,12,28,42,163,17,165,32,4,150,87,243,218,102,55,136,247,29,65,66,97,193,139,119,208,102,53,172,186,13,166,72,82,21,29,32,162,24,168,58,2,157,81,237,222,99,54,140,236,30,64,89,107,192,134,124,218,115,48,168,188,24,165,79,80,25,26,52,163,17,163,47,0,149,84,243,219,104,54,138,247,24,65,93,103,221,140,126,215,102,54,163,190,18,170,84,83,16,28,45,165,17,162,39,10,136,87,230,223,98,56,140,249,26,85,91,96,195,134,121,212,106,54,173,162,19,170,74,94,19,24,42,189,27,168,32,3,149,84,231,196,99,62,138,241,28,76,88,101,199,147,122,211,106,50,174,187,22,160,77,75,20,25,45,167,30,168,47,0,144,74,236,208,104,54,139,240,24,76,94,126,195,134,120,211,110,55,162,162,16,171,79,94,17,17,33,163,5,162,46,11,156,82,238,218,102,60,147,242,22,79,94,99,195,135,98,208,111,48,171,189,20,164,77,83,12,29,40,164,30,165,35,5,157,83,243,217,105,55,141,242,22,76,86,126,192,134,119,219,103,49,163,186,13,160,72,87,21,29,40,162,25,189,35,1,151,87,232,220,102,59,136,236,28,73,92,100,199,135,118,207,108,61,162,182,21,163,77,86,24,5,43,161,27,164,32,5,144,74,236,216,104,55,139,240,23,85,93,106,201,135,119,218,103,61,173,162,18,162,77,86,19,28,46,165,31,189,34,3,145,81,235,221,102,55,138,236,30,64,87,96,194,143,126,218,115,48,168,189,16,165,76,86,20,28,52,162,25,163,32,5,156,94,243,219,97,59,136,245,31,77,66,97,193,138,125,208,109,55,163,190,13,166,72,82,25,29,43,161,30,160,58,0,151,94,231,208,102,56,138,246,3,74,94,103,196,141,118,219,102,60,182,186,17,164,73,83,16,29,44,166,5,163,38,0,149,80,237,216,103,34,140,240,26,78,92,103,197,136,118,207,107,53,172,189,18,165,64,84,17,5,42,161,28,160,36,11,149,83,243,218,96,59,136,248,28,78,92,126,195,143,120,215,108,60,170,183,13,167,74,84,23,31,44,165,17,160,58,0,146,87,231,208,97,56,147,245,29,74,91,100,198,137,127,212,115,54,174,188,16,166,76,87,12,26,32,168,27,163,39,10,144,86,243,219,96,59,137,245,22,64,89,99,221,139,126,213,109,50,168,190,18,163,84,85,16,29,44,166,26,161,36,31,151,86,234,208,101,56,138,245,31,85,90,98,199,139,120,218,107,52,175,162,19,162,78,83,19,17,32,166,5,163,38,4,148,95,235,220,103,34,141,240,24,78,90,107,194,134,98,214,109,54,162,183,20,167,77,84,12,26,47,164,25,165,38,3,136,83,237,219,102,55,135,246,23,64,66,97,196,138,125,211,109,49,182,189,25,171,74,85,19,29,47,169,5,162,38,6,147,95,238,216,100,61,147,244,31,79,90,98,194,137,127,214,115,55,170,187,22,170,75,86,24,5,43,161,28,168,46,4,146,84,237,196,100,62,137,246,31,73,87,107,200,147,124,211,104,50,174,183,20,171,84,85,16,17,44,161,28,163,38,31,150,86,230,216,102,62,138,247,3,76,92,102,193,141,120,213,109,48,182,189,25,170,73,94,24,29,52,164,27,162,46,1,157,81,233,217,124,61,137,248,27,79,94,106,221,140,118,218,109,54,173,189,17,166,84,82,18,26,43,166,25,166,35,0,136,85,237,218,100,62,137,244,3,74,86,107,193,140,118,210,109,60,182,189,23,163,78,85,21,31,52,163,25,165,34,4,150,81,230,196,99,54,134,244,22,64,89,98,197,147,125,213,110,51,168,187,23,190,75,81,24,24,40,163,29,189,37,11,157,82,231,209,103,60,143,236,28,74,87,99,197,135,118,211,111,41,169,189,24,160,73,83,19,26,46,189,26,166,34,4,151,84,231,196,99,54,134,245,25,76,90,107,198,147,124,211,106,52,168,182,21,167,84,84,24,16,45,167,31,161,38,10,136,85,231,209,100,54,139,240,23,65,66,103,193,137,119,219,105,48,170,187,13,161,72,82,23,16,41,161,25,160,58,7,148,80,235,216,99,56,142,240,3,76,94,101,192,142,121,214,104,61,182,187,19,161,64,85,25,28,40,164,5,162,38,6,157,84,237,217,97,58,147,244,31,79,91,97,196,142,119,218,115,54,169,183,21,165,78,83,24,25,52,162,25,167,39,2,156,81,237,219,124,58,143,246,24,74,92,103,198,138,98,209,111,60,170,184,17,161,73,75,19,25,46,162,24,164,37,3,150,74,235,216,102,55,141,249,22,76,87,126,195,142,127,211,109,51,169,183,13,160,73,86,22,17,41,168,31,189,36,2,150,85,236,223,99,61,147,245,29,77,93,103,197,140,126,214,115,49,168,191,17,171,76,83,12,28,42,165,24,164,33,7,144,87,243,220,96,63,140,245,25,65,66,97,201,134,118,210,110,50,173,189,13,161,72,81,18,29,33,166,16,164,58,7,148,80,231,222,100,63,138,249,3,75,95,98,194,136,127,209,105,41,169,190,23,166,76,81,19,30,44,189,29,161,33,3,146,87,234,220,99,34,141,241,29,74,93,101,192,142,98,209,110,55,163,183,19,165,73,75,18,24,43,167,29,166,32,0,136,83,237,220,100,54,138,243,24,78,66,102,194,139,124,214,109,61,182,187,19,166,74,95,24,28,41,162,5,165,39,7,145,87,234,218,124,61,135,249,23,72,93,97,192,142,98,208,111,51,169,182,17,170,78,80,12,29,40,167,16,168,35,4,144,85,243,218,97,63,137,248,30,77,92,126,194,143,120,214,104,50,174,186,23,190,76,87,23,24,33,162,24,163,33,31,150,87,236,222,100,57,135,243,3,75,95,102,194,143,125,215,107,41,168,191,21,171,77,95,24,24,52,164,27,165,32,2,146,82,235,209,124,58,139,247,27,72,95,96,221,138,124,215,107,52,163,187,25,167,84,83,18,30,46,166,26,167,58,0,156,95,231,218,103,63,140,247,3,76,92,97,200,137,126,214,104,50,182,189,25,163,78,86,25,27,52,164,25,166,32,7,149,94,233,223,124,59,143,247,24,73,89,102,193,139,98,214,111,50,173,185,19,171,76,86,12,28,40,166,17,162,46,7,147,94,243,221,96,57,134,240,27,73,95,103,221,140,126,213,104,50,174,190,21,164,84,83,16,30,43,168,25,165,47,6,136,84,238,221,102,63,139,242,28,85,91,96,197,135,127,209,106,49,175,162,21,164,79,86,20,17,32,189,29,169,38,1,151,86,235,196,98,63,137,242,25,65,87,102,221,140,119,211,105,50,171,184,24,162,84,83,24,25,42,162,25,165,58,0,148,80,230,223,96,56,136,240,3,77,94,101,196,135,121,219,104,52,182,188,16,165,77,80,25,16,33,189,27,160,46,1,151,83,239,209,124,60,142,248,23,64,94,101,192,147,124,210,102,48,174,184,21,162,84,82,18,28,40,161,16,168,36,2,136,82,231,222,104,54,137,244,3,74,87,98,199,136,124,218,104,53,182,186,25,164,79,95,20,25,52,162,25,166,38,0,146,84,239,222,124,58,143,247,25,76,93,100,199,140,98,209,110,61,168,189,20,162,74,75,18,24,33,164,29,167,34,2,136,87,236,209,99,58,134,247,25,73,66,96,192,134,123,215,105,53,173,162,19,160,72,85,16,24,47,169,5,164,36,6,148,81,234,220,101,57,147,244,22,74,90,100,196,137,98,208,102,53,173,189,25,165,78,84,12,29,33,162,26,162,33,5,136,85,239,223,97,62,142,247,26,79,66,102,193,136,121,210,102,48,170,185,13,166,72,80,22,28,43,166,24,167,58,0,157,86,231,217,98,58,134,242,3,77,87,97,194,140,121,213,115,55,171,185,20,170,72,84,23,5,43,168,25,169,39,0,150,80,239,196,100,55,140,243,28,78,88,126,194,143,121,210,111,52,173,189,21,190,76,87,23,30,41,168,29,164,35,31,150,87,231,208,105,62,140,248,3,75,95,107,196,139,123,212,107,41,168,188,17,160,72,86,17,25,52,164,27,164,39,7,148,81,236,223,124,59,143,240,31,77,90,106,221,140,119,211,103,52,169,187,16,164,84,83,25,16,32,168,24,163,58,0,148,81,238,222,103,60,134,242,3,77,94,101,198,135,123,208,111,49,182,186,17,165,79,86,25,28,41,162,5,162,47,3,156,81,230,219,96,55,147,244,22,64,86,107,192,141,98,209,110,61,168,189,20,165,64,75,19,16,40,169,17,161,38,4,147,74,235,209,105,54,134,241,29,85,91,98,196,138,122,219,103,41,169,183,17,170,78,82,25,16,47,189,26,161,33,2,148,87,232,218,102,34,139,240,24,78,95,107,197,138,123,207,109,52,162,182,24,162,64,94,12,28,42,164,24,165,38,1,150,83,243,221,96,62,143,244,27,65,66,103,192,140,127,209,105,49,182,189,17,165,74,94,24,26,47,161,5,165,38,4,157,87,233,208,99,63,147,243,27,73,86,103,195,136,125,213,115,54,170,185,21,171,76,94,23,16,52,165,25,169,39,2,144,84,239,223,124,60,141,242,23,75,92,106,198,147,125,211,104,51,163,191,20,167,64,75,20,25,32,162,24,160,35,10,149,74,237,218,100,57,135,248,22,76,66,96,195,138,122,215,107,48,168,162,19,160,78,87,25,16,32,168,5,164,36,6,147,85,239,221,102,63,147,245,26,64,92,103,198,137,98,214,109,48,175,189,18,164,65,80,12,28,43,168,28,163,38,3,136,85,230,217,97,54,135,240,26,73,66,97,193,136,120,209,105,53,175,191,13,166,72,95,18,29,45,166,16,160,58,1,150,82,238,219,99,54,141,236,28,73,89,106,195,141,120,208,111,41,174,190,25,166,76,84,17,30,45,189,27,163,32,3,157,95,236,223,124,60,141,246,24,76,90,106,194,147,124,209,104,49,171,190,23,163,84,82,18,28,32,167,24,167,37,0,136,83,232,218,100,63,137,240,3,76,92,103,199,137,122,212,105,60,182,187,20,160,78,80,24,29,52,162,16,160,39,11,157,83,231,208,124,61,143,247,24,76,89,99,195,140,98,215,111,61,169,185,22,161,79,82,12,27,42,164,29,165,37,10,156,74,236,216,103,55,138,243,24,73,92,126,197,143,118,214,104,49,173,187,24,190,74,85,23,29,41,161,26,168,58,1,150,94,239,222,102,62,143,236,29,75,86,101,195,142,125,212,115,48,168,187,24,171,74,80,16,28,52,164,17,164,35,4,144,82,243,221,98,59,136,249,26,65,90,99,221,138,120,214,103,54,172,182,13,161,65,86,18,25,43,165,24,165,58,6,150,83,236,219,102,54,140,243,3,76,95,107,198,135,124,215,115,54,163,191,17,162,76,85,19,16,52,164,28,168,38,3,149,80,243,218,98,58,142,243,28,76,87,126,194,134,127,215,105,48,162,191,21,190,77,82,25,25,40,160,31,189,35,5,145,82,237,223,98,34,140,249,30,77,91,103,201,140,126,207,106,48,162,186,25,171,78,75,21,31,230,149,28,163,58,1,150,82,232,208,105,58,143,236,26,75,91,100,199,139,121,213,102,41,169,190,22,164,65,86,21,29,45,189,29,161,46,0,149,87,234,223,104,34,138,240,22,73,95,106,192,141,118,207,106,55,175,185,18,162,72,83,25,5,43,161,30,169,36,1,146,84,237,196,100,62,135,244,27,74,95,100,198,147,124,209,105,53,100,138,24,190,77,85,21,17,46,160,24,163,39,31,145,81,237,220,97,56,143,236,26,65,91,102,200,136,120,207,109,55,172,185,20,166,79,87,12,26,33,160,30,163,38,1,156,84,243,221,104,59,139,249,24,79,66,97,193,135,126,210,102,55,174,184,13,166,72,95,22,29,40,164,29,162,58,1,150,94,239,222,101,57,138,236,29,75,86,101,195,143,118,214,115,55,168,183,18,165,78,83,23,5,42,162,25,161,37,1,150,95,243,221,98,56,143,245,23,77,87,101,221,138,119,209,110,48,169,184,13,161,65,86,23,27,41,164,31,163,58,6,157,84,239,221,97,60,147,243,31,65,94,106,197,136,118,209,115,49,170,182,22,162,78,84,19,28,52,163,27,169,33,1,148,81,231,196,98,61,143,240,28,75,95,101,221,142,122,211,107,53,168,186,18,160,84,85,19,25,40,162,24,169,37,31,150,85,239,222,104,57,137,246,3,76,92,100,192,141,122,211,108,54,182,187,24,170,79,84,18,17,52,162,16,160,33,11,147,85,234,221,124,59,134,248,25,73,90,106,221,140,126,219,110,48,170,189,18,160,84,83,16,17,47,166,27,160,33,10,136,82,239,208,103,62,137,243,22,64,66,97,200,142,118,213,110,53,162,186,13,167,65,95,22,25,44,169,5,163,36,11,148,80,234,220,105,34,140,249,30,65,88,99,201,138,124,207,106,60,162,184,17,166,64,75,19,25,32,160,28,161,37,2,148,74,235,216,104,57,136,242,30,74,91,126,195,141,119,208,104,51,171,185,13,160,75,87,16,26,42,161,16,189,36,0,148,80,231,223,100,63,147,245,29,79,95,106,200,140,127,208,115,51,170,187,18,163,74,87,12,26,33,160,17,167,36,2,148,94,243,222,96,59,142,245,23,77,66,96,195,135,121,209,110,51,170,162,18,171,73,94,19,25,42,161,28,189,32,3,145,87,234,208,100,34,140,240,23,75,95,103,201,137,118,207,107,53,162,182,18,165,65,80,22,5,44,161,17,166,33,1,149,94,234,196,99,55,142,249,29,78,87,98,192,147,120,211,106,52,175,182,21,190,74,85,24,30,42,160,31,163,58,0,157,87,230,218,104,56,137,249,3,79,94,103,192,138,118,215,115,51,171,190,21,162,78,83,12,26,33,160,16,160,34,6,156,95,243,219,96,54,142,245,31,74,94,96,221,139,126,219,104,50,168,191,19,165,84,85,18,16,43,166,31,168,47,31,145,84,233,217,104,54,135,240,30,85,88,98,196,140,127,209,111,41,172,191,25,161,65,84,22,5,43,161,17,162,34,5,157,82,239,196,100,62,135,249,25,64,91,103,196,147,122,211,103,60,170,189,22,164,76,75,19,16,42,161,28,166,32,10,145,74,233,217,104,61,134,243,25,85,93,98,201,140,122,213,102,52,162,162,21,162,64,94,22,16,45,160,24,189,36,0,149,85,235,218,101,59,147,242,28,72,87,107,201,139,122,207,109,54,168,184,20,161,64,86,12,28,42,167,26,169,35,10,150,87,243,222,98,59,143,244,22,79,66,97,200,141,126,215,104,49,175,187,13,164,74,83,25,29,47,163,5,163,37,3,146,94,232,223,100,34,140,249,29,72,95,97,196,143,122,207,105,55,174,183,21,165,74,75,19,25,32,165,24,163,34,5,150,74,235,216,105,62,140,245,29,64,91,126,195,140,127,218,102,50,175,182,13,160,75,84,19,25,33,160,16,189,39,7,148,81,236,217,99,55,141,236,29,74,93,97,193,135,120,208,115,55,169,189,24,164,76,82,22,5,45,163,31,165,35,2,147,87,236,196,102,61,142,246,29,65,86,126,194,134,124,210,110,49,173,182,21,190,78,84,17,28,40,161,17,189,37,3,156,82,232,223,105,55,143,236,27,73,87,99,193,142,126,219,104,41,168,189,19,164,77,85,25,29,52,163,26,162,37,3,156,85,239,196,98,61,140,249,25,74,88,100,221,138,124,213,106,52,172,183,24,161,84,81,19,17,42,161,17,161,58,0,157,84,238,208,105,57,134,243,3,79,93,106,193,138,122,215,115,55,169,191,24,171,64,83,25,5,43,168,27,163,35,5,151,83,235,196,102,61,135,240,26,77,90,126,195,140,127,218,102,61,169,182,13,161,65,85,18,28,45,161,30,165,58,5,151,94,239,221,100,58,147,243,31,65,91,102,194,138,125,215,115,49,170,183,16,164,78,95,23,16,52,163,26,162,37,3,156,80,236,196,98,61,140,249,25,77,91,106,221,141,125,215,105,52,163,189,20,190,74,84,21,27,47,164,26,161,58,6,150,80,234,208,98,57,135,245,3,79,90,102,198,135,121,209,115,54,163,188,19,166,78,86,17,29,52,167,29,165,32,3,156,86,243,222,100,55,136,242,23,73,66,97,200,141,125,211,104,61,171,191,13,161,72,95,21,29,43,164,24,169,58,7,148,95,238,222,102,54,136,249,3,75,93,97,194,143,118,212,110,41,172,184,21,160,78,95,24,5,45,163,31,164,46,1,150,81,236,196,102,58,139,247,23,78,92,126,194,143,118,213,104,49,172,191,23,190,76,87,25,27,33,169,29,167,37,31,150,85,235,222,97,55,140,245,3,75,93,103,195,136,123,211,107,41,175,188,23,165,73,84,19,29,45,189,31,164,33,10,144,83,233,196,99,55,141,243,30,74,90,102,197,147,120,214,104,53,174,183,23,190,78,81,20,27,46,169,17,189,36,0,144,80,238,209,105,59,147,245,29,79,88,102,198,135,126,218,115,54,170,182,22,166,72,86,18,31,52,165,25,168,37,5,144,84,234,221,124,60,140,245,29,78,90,100,192,147,123,209,105,50,173,182,23,160,77,75,22,31,44,164,27,165,46,31,146,81,232,222,96,56,139,236,28,73,86,107,194,137,121,215,109,41,174,190,24,167,78,86,22,26,33,189,27,162,33,1,144,86,232,209,124,60,140,247,23,64,88,102,192,147,124,208,103,48,175,191,22,167,84,82,18,31,33,166,28,166,34,6,136,80,231,220,98,56,141,244,3,74,87,96,199,140,121,209,103,61,182,184,25,166,73,81,16,25,52,163,26,167,35,11,145,80,233,196,99,55,141,247,31,74,93,97,198,147,120,219,107,52,172,190,17,190,75,87,25,25,40,163,27,169,32,31,144,86,230,222,98,57,139,242,28,85,92,97,198,135,119,213,110,48,182,188,18,170,77,82,17,27,45,189,27,162,47,1,148,80,231,223,124,60,140,249,23,79,92,106,197,147,123,209,104,53,174,191,20,161,79,75,22,16,40,169,29,160,32,31,151,95,237,223,96,58,137,241,24,85,88,107,193,136,127,208,105,41,169,190,24,162,78,80,24,27,42,189,29,161,47,5,157,85,237,217,101,34,141,243,23,76,91,99,192,135,98,209,108,60,162,184,19,170,77,75,17,29,41,162,17,168,37,2,150,74,237,219,105,54,137,242,29,74,66,96,197,143,123,210,104,55,172,162,20,160,79,86,16,30,40,166,26,189,32,10,147,82,237,216,104,34,140,249,29,78,89,98,197,142,126,207,105,60,173,188,23,165,74,75,18,26,47,169,16,167,39,6,136,85,230,218,104,59,142,240,26,72,66,100,200,136,124,213,104,55,182,185,17,160,73,82,22,17,52,162,16,163,46,0,150,87,239,223,124,57,143,242,22,76,94,102,221,141,125,219,106,48,171,186,23,190,74,84,25,27,40,166,29,162,58,6,150,81,238,216,102,59,137,241,3,79,87,101,197,141,126,219,115,50,170,183,20,160,65,81,12,30,41,166,25,164,32,3,136,84,236,209,104,56,141,248,24,85,92,102,193,138,127,212,108,54,182,188,21,163,73,80,18,16,45,189,27,165,39,11,150,94,231,221,124,60,139,242,27,65,90,96,194,147,124,215,108,52,169,183,16,161,84,82,18,30,41,166,26,162,33,4,136,85,239,209,98,56,139,244,30,77,66,102,193,134,118,218,111,48,163,191,13,160,76,87,21,24,47,165,16,189,35,1,147,85,239,218,105,63,140,236,24,72,89,99,196,135,122,207,104,54,170,188,21,162,72,75,19,25,33,165,31,160,38,0,148,74,235,217,96,62,135,247,22,78,91,126,195,139,124,215,103,54,172,185,13,160,76,84,17,26,32,168,17,189,36,7,151,81,230,221,96,58,147,245,29,78,91,98,193,143,125,208,115,50,169,184,25,171,78,87,12,26,33,162,24,167,39,6,156,82,243,223,99,56,136,249,28,79,66,96,197,142,118,209,103,61,170,162,18,171,75,85,18,30,46,162,26,189,33,0,146,81,230,219,102,34,140,240,22,76,92,100,196,136,122,207,107,52,170,191,20,161,79,82,25,5,42,165,26,160,37,11,147,86,243,218,100,58,139,245,31,77,95,126,192,139,127,219,107,60,162,187,23,190,74,153,36,29,33,168,17,189,36,7,145,81,233,217,97,58,147,241,27,72,87,106,192,139,122,211,115,48,168,185,20,164,77,95,18,28,52,166,29,162,34,4,145,84,243,219,105,61,141,242,23,64,95,97,221,136,122,208,108,49,173,188,13,161,72,94,21,16,42,160,24,161,58,7,149,86,237,217,105,59,138,241,3,75,90,97,198,134,122,208,102,41,168,186,21,166,77,87,20,26,52,163,29,164,39,3,145,87,238,196,98,58,138,247,25,72,95,100,221,138,124,212,105,54,171,189,23,163,84,80,21,25,40,164,29,165,58,0,157,85,237,209,100,57,143,246,3,78,90,107,200,143,126,219,115,50,175,184,18,165,79,81,12,26,33,162,26,164,32,7,148,85,243,219,96,55,138,249,29,73,87,102,221,139,127,211,109,52,163,187,20,163,84,85,20,26,47,168,29,165,33,31,147,80,230,221,102,63,137,236,26,75,89,100,194,143,118,215,102,41,173,187,17,162,77,83,20,5,43,161,16,166,36,0,149,95,237,196,100,63,143,243,26,72,95,97,196,147,124,215,106,52,170,187,16,163,84,85,20,28,47,167,24,160,34,31,145,84,232,223,102,63,134,242,30,85,89,100,194,141,127,209,103,41,169,183,18,161,78,85,16,26,46,189,30,167,39,10,148,81,237,196,103,56,134,245,25,72,88,126,195,139,123,210,111,48,173,191,13,167,74,80,22,16,46,162,17,164,58,0,148,95,232,208,104,57,143,242,3,77,95,98,197,142,120,218,109,50,182,188,21,167,79,81,16,26,47,189,28,163,33,11,150,81,237,216,97,34,136,246,22,78,87,96,193,147,121,219,109,61,173,189,23,190,75,87,25,16,32,164,26,160,46,31,144,87,239,222,97,58,140,240,28,85,92,102,198,136,124,213,109,55,182,188,21,170,75,95,17,28,32,189,27,165,47,3,151,80,230,220,124,59,141,248,31,75,90,97,195,142,98,212,103,60,175,188,24,164,84,84,25,26,46,169,28,169,46,3,136,81,231,209,100,60,136,242,3,74,95,98,193,138,126,219,105,55,182,186,16,162,78,95,16,25,33,164,5,163,34,11,151,94,238,209,97,34,141,244,22,73,93,101,193,143,98,209,107,60,172,183,19,170,78,75,18,28,41,161,25,165,38,6,136,87,235,218,101,62,136,247,24,79,66,103,195,135,126,218,111,52,171,189,13,165,65,81,17,25,32,169,5,162,47,0,147,83,236,218,96,55,147,247,22,76,87,106,193,135,98,208,110,53,171,191,23,161,65,95,12,29,41,161,30,165,35,11,156,81,243,218,100,55,143,243,24,75,89,126,195,139,119,213,102,54,171,190,13,160,77,87,19,29,47,168,16,189,36,6,149,86,239,219,104,60,147,245,29,65,95,103,196,137,122,218,115,61,170,188,23,170,64,87,12,26,33,162,17,160,47,3,148,84,243,208,96,60,138,243,27,77,66,106,193,135,118,219,108,55,182,189,24,161,64,95,16,31,33,168,5,162,39,3,149,87,233,219,104,60,147,244,30,73,89,102,196,135,118,212,115,55,174,183,17,161,79,84,21,5,32,163,27,160,47,6,150,74,234,218,104,63,138,245,30,74,89,126,201,143,124,213,103,61,170,162,18,163,72,85,20,30,44,169,25,189,34,2,148,94,232,223,100,57,142,236,29,76,94,97,197,136,119,218,115,55,175,191,17,162,76,87,21,5,45,163,17,163,46,5,150,86,230,196,104,63,138,248,27,79,90,126,194,134,125,219,103,51,169,189,19,190,75,86,16,27,44,166,29,164,34,31,144,87,239,208,103,57,139,247,30,85,92,103,193,140,122,219,106,52,182,187,19,170,74,95,21,16,45,162,5,169,39,6,156,82,233,220,124,54,141,248,22,75,86,98,221,141,123,210,111,53,174,190,23,190,75,94,20,24,45,167,16,163,33,31,156,84,231,209,98,54,143,236,29,76,95,98,193,140,126,209,115,54,163,186,16,166,77,86,21,24,52,169,27,169,47,1,156,86,243,219,97,62,139,244,27,73,89,106,221,139,127,210,111,50,174,182,21,165,84,85,21,27,43,160,26,166,34,31,150,83,237,209,102,55,139,243,3,75,91,97,199,141,122,215,105,41,168,187,21,160,64,87,17,28,52,164,27,169,34,11,151,85,237,209,124,54,140,245,26,65,90,98,221,140,119,215,110,49,172,184,25,165,84,95,19,28,44,169,24,167,58,11,144,87,234,223,100,58,147,243,22,77,92,98,201,140,118,215,115,61,174,190,20,165,78,87,12,27,45,163,26,160,34,4,157,74,237,221,98,55,136,240,30,79,66,103,195,135,122,219,109,61,171,185,13,170,75,82,21,17,44,161,5,169,34,4,149,83,234,218,124,54,138,245,29,72,87,96,221,141,123,208,105,55,174,186,19,190,74,82,20,27,32,161,30,163,58,1,145,82,230,219,102,60,138,236,29,76,91,103,200,142,123,209,115,55,175,184,19,166,78,94,24,5,42,164,31,168,38,1,151,83,243,221,98,54,138,244,22,79,93,97,221,135,120,211,109,61,162,190,13,170,78,95,19,27,46,165,5,169,33,11,144,87,237,208,124,58,142,241,27,73,93,101,201,137,98,209,106,48,175,183,16,164,73,75,21,27,32,167,30,168,32,11,149,74,231,221,101,61,141,241,25,85,86,101,200,134,121,215,107,41,162,182,22,171,64,80,18,5,42,164,31,168,38,1,148,83,243,209,96,58,137,242,24,75,66,102,192,142,120,213,105,60,175,186,13,171,72,83,22,28,42,169,5,168,39,2,150,85,237,216,124,59,142,242,27,64,95,103,194,136,98,214,109,61,162,185,22,162,77,95,12,17,46,169,28,161,35,5,136,94,232,221,96,54,139,248,3,65,87,102,199,142,121,213,115,49,171,191,20,161,77,83,24,29,52,165,24,160,34,5,157,80,230,219,124,59,142,242,29,75,87,97,200,139,98,214,107,48,172,182,22,160,65,80,12,17,33,162,25,161,34,11,136,84,234,223,101,59,136,247,27,85,92,103,201,141,127,208,111,49,182,187,19,171,72,87,23,24,40,164,5,169,46,11,150,87,232,222,124,54,134,249,26,65,90,98,221,134,126,212,103,48,168,182,13,160,77,95,24,31,32,165,30,189,36,6,157,83,237,219,102,62,147,242,25,73,95,101,200,142,125,207,109,51,170,182,18,161,76,82,12,27,46,160,29,169,47,11,146,74,237,222,98,63,139,245,29,74,66,103,195,134,126,212,108,60,168,191,13,171,73,85,23,24,46,169,5,168,36,3,157,80,239,216,124,61,142,241,28,79,95,100,199,139,98,215,110,52,163,183,23,162,75,84,12,27,46,160,29,169,47,10,144,74,230,221,96,59,143,242,27,85,90,99,195,142,124,212,106,53,171,162,20,160,65,83,16,25,43,163,24,189,47,1,147,80,230,218,104,34,141,246,30,77,86,107,201,138,98,214,109,60,168,190,18,171,78,94,12,16,40,166,16,164,35,1,136,95,236,208,105,59,137,248,3,64,90,101,192,136,122,215,115,55,172,188,25,162,72,85,25,5,33,167,26,167,38,10,146,74,235,217,98,60,138,249,31,65,91,126,200,137,125,213,103,51,174,162,24,165,72,85,22,28,46,189,28,160,37,3,156,87,236,222,99,34,138,242,22,77,88,100,201,135,124,207,102,55,173,185,16,170,76,75,25,26,44,163,16,166,32,31,157,83,236,208,96,58,135,236,27,72,92,99,195,136,120,210,109,41,174,191,19,162,78,86,24,27,41,189,28,160,36,11,149,95,237,218,96,34,138,244,25,75,89,107,197,141,123,207,102,48,171,183,25,165,74,75,18,31,43,165,28,167,38,0,136,84,233,220,97,63,142,242,23,85,91,96,200,138,119,213,102,55,163,162,24,166,79,83,19,25,44,189,16,164,46,6,146,80,235,196,105,56,136,240,25,76,88,126,195,137,122,212,105,48,175,183,13,160,78,82,20,27,41,169,29,189,36,5,146,86,232,223,99,57,147,242,25,79,89,97,195,137,122,207,109,51,173,189,25,170,73,87,12,27,46,169,25,165,37,7,147,74,234,218,105,56,137,243,24,77,91,126,200,136,127,213,102,60,168,162,24,170,72,86,23,27,32,189,16,169,47,11,150,82,239,196,100,63,141,245,29,75,92,103,196,147,124,213,105,50,169,188,22,161,84,82,18,16,47,168,26,166,47,0,136,95,233,223,97,56,135,240,3,64,87,99,194,135,123,213,115,60,163,183,25,161,75,81,12,27,46,169,25,165,37,2,147,74,238,216,97,56,143,243,23,77,66,102,192,141,121,219,106,49,168,189,13,163,72,86,22,24,46,167,29,189,39,3,150,84,232,220,101,56,147,245,30,74,88,98,196,137,123,208,115,48,168,183,24,171,73,86,23,25,52,168,17,161,37,6,150,86,243,209,104,56,134,243,30,75,66,99,193,143,120,215,105,49,170,162,21,163,74,81,21,26,33,165,17,189,34,2,150,83,231,208,97,59,136,236,26,72,93,97,197,140,123,210,111,41,175,186,23,170,72,82,23,31,41,189,24,161,38,7,144,87,233,216,124,60,137,248,25,64,86,107,195,147,124,213,102,54,175,189,24,171,84,82,19,25,41,163,24,163,39,4,136,87,33,236,96,56,139,240,3,72,94,99,193,134,119,214,109,41,171,190,16,171,78,94,25,27,52,163,30,161,38,3,156,82,231,196,98,57,143,246,25,74,86,107,221,141,121,210,108,52,163,187,16,190,74,80,17,16,47,164,30,162,58,1,147,84,233,219,96,57,134,236,29,78,93,96,201,138,120,218,115,48,169,190,16,170,64,87,19,26,52,162,24,163,36,4,157,86,232,216,124,58,142,242,22,72,89,98,195,140,98,209,104,53,172,184,21,164,79,75,21,26,40,162,24,166,35,5,157,74,238,216,97,55,135,240,30,79,66,99,193,140,124,219,103,54,168,162,19,165,73,84,17,16,42,169,5,162,47,5,149,95,230,221,104,60,147,241,31,74,92,106,201,140,124,207,108,52,168,186,22,167,78,95,22,5,44,160,26,160,39,7,144,86,232,196,98,57,141,246,28,73,92,97,221,141,121,208,109,61,175,187,21,190,74,80,19,16,44,161,31,164,58,6,151,86,234,217,100,56,135,249,3,72,94,97,200,138,125,218,109,41,169,183,23,163,79,81,18,17,46,189,24,161,37,10,144,85,233,208,124,60,136,241,22,78,91,102,195,147,125,218,105,55,174,188,18,161,77,75,17,25,43,168,29,162,32,11,136,85,238,218,101,58,142,242,28,73,66,102,192,140,127,219,111,52,163,191,13,160,79,84,18,17,45,163,31,189,36,4,144,83,230,223,97,55,147,241,27,77,86,101,199,141,118,219,115,55,173,186,20,171,78,82,20,5,42,166,28,168,38,4,147,95,243,217,100,59,143,240,24,65,89,96,221,138,125,211,106,61,170,186,25,163,84,86,16,29,46,160,24,169,34,31,151,95,233,218,100,61,137,241,26,85,95,98,197,138,119,218,111,49,182,189,16,160,78,87,22,30,45,169,5,165,39,0,150,82,234,209,105,63,147,242,24,74,87,102,193,134,123,207,109,50,174,187,24,164,73,86,12,27,47,164,27,164,36,6,146,74,234,219,96,56,139,245,24,79,95,126,192,143,123,209,105,60,173,184,13,161,65,81,19,24,32,167,27,165,58,2,148,83,237,221,100,58,143,236,28,72,92,100,198,141,125,210,105,41,174,191,18,161,73,86,24,27,47,189,29,160,37,1,144,80,239,219,102,34,140,249,25,74,86,97,192,140,121,207,110,53,175,188,20,166,76,87,12,27,47,162,27,169,35,0,151,74,236,209,102,61,135,243,22,73,91,126,192,143,123,209,106,49,174,190,13,161,73,85,22,30,42,162,25,163,58,7,149,85,236,217,97,57,136,245,3,75,89,102,196,134,120,208,110,41,168,185,20,160,77,85,21,30,52,163,30,164,47,3,147,86,236,196,98,57,137,245,25,75,89,102,221,138,125,211,104,52,171,187,20,161,84,86,16,28,33,163,30,167,46,31,151,95,233,219,103,58,134,244,26,85,95,98,196,134,126,218,104,51,182,191,17,164,77,82,23,29,44,189,26,168,32,7,151,80,233,220,98,34,140,241,29,79,89,96,195,135,120,207,107,52,169,189,16,163,79,80,21,5,42,166,29,164,47,5,151,95,243,217,96,57,135,247,26,65,90,126,196,140,126,212,110,52,170,186,16,190,73,87,21,16,42,166,31,169,58,0,149,84,231,216,99,61,135,244,3,77,95,97,197,139,125,208,106,60,182,188,22,167,65,87,23,25,43,189,27,166,32,6,146,84,236,218,124,59,140,240,23,77,92,99,192,140,98,210,111,50,168,186,18,167,74,75,19,16,46,165,29,163,36,4,145,74,238,216,102,55,134,242,25,77,66,99,193,136,118,212,106,61,174,162,19,165,77,94,16,31,47,161,5,164,37,3,147,81,233,221,103,57,147,241,31,65,95,103,198,139,122,207,107,52,169,186,21,161,75,83,20,5,42,166,16,163,39,5,149,82,235,196,97,62,136,248,24,76,86,102,221,141,121,213,106,51,169,189,17,190,75,86,19,27,46,163,27,160,47,31,149,87,235,216,101,59,137,248,3,77,95,102,193,140,123,215,104,55,182,187,18,163,75,81,22,24,44,164,5,160,39,1,145,86,233,208,104,34,139,241,28,65,93,106,195,141,126,207,109,61,171,191,20,162,75,95,12,28,44,169,25,164,35,11,148,95,243,217,97,62,138,243,26,79,86,126,195,136,118,214,109,60,174,191,13,163,78,86,25,17,42,167,26,162,58,2,146,87,231,221,97,62,139,247,3,74,87,100,199,139,121,208,108,54,182,188,18,166,65,86,19,30,33,164,5,160,38,10,149,94,233,221,102,34,141,247,24,75,95,106,198,143,98,208,102,51,173,185,25,166,72,80,12,26,41,163,215,149,47,5,146,74,235,217,99,56,139,240,24,74,91,126,195,136,121,219,104,54,172,189,13,167,75,86,16,26,32,165,31,164,58,2,148,95,237,217,103,60,135,236,30,72,94,103,195,138,122,215,115,55,173,182,20,160,65,83,19,5,43,168,31,168,38,10,144,94,238,196,97,63,143,245,29,76,90,102,221,141,121,219,106,55,162,188,21,190,75,94,22,16,42,161,29,169,47,31,149,87,239,221,98,59,139,244,3,74,95,97,192,134,120,214,103,55,182,186,16,161,64,84,24,24,41,168,5,163,33,10,156,85,230,217,105,34,141,248,31,77,87,102,195,138,98,209,103,52,171,187,17,170,64,75,21,26,41,163,26,164,35,11,145,74,33,236,97,55,142,240,27,85,93,107,199,135,119,212,110,60,169,162,223,150,73,95,16,17,40,189,27,166,47,2,156,82,236,218,124,61,134,246,22,79,93,96,197,141,98,29,91,52,162,190,25,162,84,84,17,26,42,167,27,160,36,5,136,82,238,219,105,62,140,249,31,74,66,96,201,143,122,218,107,48,175,162,19,170,73,86,20,16,46,164,5,163,46,2,156,86,234,218,103,34,141,248,29,77,88,99,199,142,98,214,108,52,169,190,16,161,79,80,12,24,41,160,17,165,46,10,146,74,236,209,102,55,137,244,26,75,92,126,192,142,127,219,108,51,171,184,13,161,73,84,19,27,47,167,28,165,58,7,149,85,230,222,105,56,134,245,3,75,86,99,192,139,119,214,103,41,168,182,16,170,72,83,25,29,52,163,17,163,34,5,148,85,239,196,101,61,142,243,25,79,88,103,198,147,127,210,109,48,170,184,25,170,84,84,25,30,40,162,16,164,37,2,136,87,238,218,100,55,142,245,29,85,93,99,194,140,119,208,109,52,168,162,21,163,76,87,19,28,45,162,16,189,34,2,151,95,233,209,103,58,135,236,28,64,89,99,193,139,126,215,107,41,171,191,19,166,65,86,21,27,52,163,17,161,34,10,144,80,234,196,99,55,136,241,31,77,86,99,195,147,127,210,109,49,163,191,20,160,84,84,17,26,43,168,26,160,47,11,136,82,238,220,96,61,138,244,23,78,66,96,201,142,118,211,107,60,174,162,19,170,75,86,17,31,46,160,5,160,34,6,147,85,238,221,104,58,147,242,23,74,95,99,196,134,119,207,109,61,169,185,22,160,75,83,12,28,43,160,29,162,36,7,144,95,243,217,97,61,142,246,27,65,94,126,194,134,121,211,102,48,162,187,19,190,73,86,19,24,44,167,17,169,58,2,149,85,235,222,105,58,139,236,28,64,89,99,196,136,123,215,102,41,169,191,18,161,65,84,17,17,42,189,29,160,34,3,151,83,235,208,103,34,141,248,30,65,94,103,194,138,98,210,110,48,171,191,19,171,78,75,21,26,41,165,26,160,47,0,147,74,238,217,99,63,137,244,23,73,66,97,192,140,123,209,107,55,162,190,13,166,73,83,17,31,47,161,30,160,58,1,156,85,238,217,101,55,134,236,29,65,93,101,198,142,119,209,115,48,169,191,20,164,75,87,16,16,52,160,24,165,34,11,148,80,235,196,99,55,136,241,25,74,95,106,195,147,127,210,107,55,170,191,23,162,84,86,17,28,41,160,27,168,32,31,150,94,236,217,97,56,138,249,3,76,93,99,197,134,121,215,104,54,182,191,16,164,76,85,19,31,32,189,29,160,34,1,151,84,230,223,105,34,139,241,27,72,88,101,192,137,123,207,106,52,174,183,16,164,75,80,21,5,45,165,17,162,46,7,147,80,230,196,98,54,140,241,30,76,89,100,221,139,123,210,106,49,169,190,21,190,76,82,18,24,33,169,29,161,58,1,156,83,239,208,97,54,139,236,28,72,93,107,192,136,122,219,105,41,174,191,21,167,78,86,24,27,43,189,27,169,33,3,144,94,238,221,124,63,141,240,31,72,94,96,197,147,124,219,103,54,175,182,25,165,84,86,18,24,43,163,26,164,36,31,145,85,238,209,101,56,136,243,24,85,95,99,201,139,124,219,110,51,182,189,16,166,72,83,24,28,45,169,5,165,39,7,146,95,236,220,96,57,147,242,23,65,93,103,201,135,121,207,110,55,171,189,19,162,65,81,12,27,32,168,31,167,47,6,157,74,238,218,98,56,140,246,23,73,66,103,194,141,126,219,104,61,170,183,13,163,73,94,23,29,44,161,25,189,35,2,145,85,232,221,97,60,135,236,30,75,92,100,197,139,122,219,115,49,171,186,25,171,72,94,16,25,52,165,24,165,46,1,145,86,231,221,124,59,142,245,26,78,95,101,194,136,98,214,107,60,170,186,19,164,64,94,12,24,42,162,27,160,33,10,150,74,235,217,100,55,138,246,25,64,93,126,197,142,122,219,102,53,162,185,22,190,77,86,21,31,43,166,27,166,34,31,145,82,230,217,96,54,139,248,30,85,95,96,194,135,121,208,109,61,182,186,16,167,72,85,18,29,32,167,5,165,39,7,157,83,233,222,102,55,147,245,30,76,89,98,195,135,127,210,115,48,174,183,16,165,76,85,23,26,52,160,27,165,33,6,151,95,237,196,100,63,138,240,23,65,92,101,196,147,122,210,106,53,168,188,21,164,73,75,21,24,45,166,31,169,37,7,156,74,234,220,105,60,139,240,31,79,91,126,196,142,123,212,111,55,162,191,18,190,73,85,22,24,44,167,28,167,58,7,149,83,237,217,105,54,138,249,3,77,95,103,192,138,122,211,107,48,182,187,16,167,64,94,25,29,42,163,5,164,34,10,151,81,238,222,100,55,147,241,29,76,86,103,195,142,120,207,107,52,175,188,16,171,79,85,24,5,42,168,26,167,38,2,145,84,243,217,98,54,142,249,29,73,94,126,197,142,123,215,110,50,168,189,20,190,76,86,21,26,45,160,29,163,39,31,145,87,233,216,105,56,143,243,30,85,91,102,200,138,120,218,111,55,175,162,16,160,64,83,22,25,32,161,5,165,39,6,144,94,236,216,98,54,147,244,30,76,90,99,198,141,127,208,115,48,171,184,16,164,73,82,22,17,52,164,29,168,32,0,144,94,238,223,124,58,141,247,23,72,87,98,193,135,126,158,115,102,245,224,82,230,25,9,84,90,37,234,11,246,119,94,193,68,243,202,23,107,203,147,74,11,24,59,146,218,108,207,125,85,246,239,88,247,10,20,2,5,58,210,70,227,115,116,209,15,253,196,114,91,204,165,93,48,0,34,132,203,29,134,45,115,243,237,68,176,84,69,116,94,125,244,71,194,115,65,210,15,188,141,114,34,157,148,64,12,13,58,180,209,47,129,51,96,254,172,13,176,53,8,85,90,125,212,71,240,116,95,193,2,253,196,98,55,143,236,29,79,91,126,211,246,32,151,58,107,233,231,85,235,90,75,16,7,32,164,5,161,56,3,145,74,253,187,32,107,218,164,13,85,95,126,211,235,60,138,58,118,184,162,3,217,29,30,66,64,118,245,11,189,39,3,148,74,234,216,96,34,143,238,31,72,66,96,221,142,126,207,125,87,245,236,77,253,0,53,69,89,116,248,74,240,98,86,192,53,171,135,34,111,216,165,1,42,11,38,161,211,47,154,58,119,216,226,78,241,19,43,73,90,108,179,5,179,89,80,193,7,177,164,49,105,216,165,93,38,13,61,159,217,39,132,113,111,233,225,79,176,84,1,65,69,107,244,5,179,98,82,215,13,253,196,114,125,207,161,88,23,76,126,195,141,126,207,108,50,170,162,21,160,84,69,105,71,107,229,72,255,117,86,134,74,253,134,53,121,157,236,13,42,13,32,148,218,32,164,42,108,184,162,3,221,27,2,65,71,84,240,78,246,115,65,134,74,253,166,49,99,218,226,3,91,60,55,130,218,58,172,49,86,234,239,86,252,90,75,2,121,121,227,76,255,98,17,136,68,153,154,49,99,218,226,3,91,45,61,157,208,60,208,125,41,184,232,83,253,21,53,103,107,58,189,28,189,36,6,136,83,239,196,114,76,222,163,68,30,28,61,132,209,42,160,48,105,245,252,18,176,84,87,14,26,45,189,11,211,119,80,207,1,173,135,37,96,219,148,93,24,0,33,129,222,60,134,49,102,227,172,13,176,45,35,73,68,42,179,5,161,58,0,148,74,238,219,103,34,157,144,64,10,7,38,152,208,32,193,115,39,201,231,91,247,90,75,84,91,109,244,5,179,85,95,205,22,172,172,53,125,220,165,65,29,15,60,133,204,108,207,125,68,249,250,72,228,29,69,12,11,77,216,106,254,100,93,193,20,253,196,114,91,251,169,66,91,66,99,195,147,108,160,48,119,244,235,83,192,25,3,73,92,107,179,5,179,67,122,247,18,173,135,59,107,157,236,13,60,0,39,156,157,98,193,30,117,234,226,88,193,12,21,79,66,125,220,70,245,115,17,136,68,157,135,34,106,218,178,13,85,76,6,153,214,45,136,49,96,233,253,3,190,90,36,79,69,119,227,11,189,52,102,237,33,173,137,52,103,218,174,91,91,66,112,178,208,34,140,45,86,255,255,84,247,22,4,69,11,52,179,106,254,122,92,214,53,186,153,37,107,209,163,74,50,11,43,129,208,39,141,43,39,182,191,25,162,84,85,21,28,52,161,7,164,58,1,151,86,243,217,98,62,147,242,31,73,66,97,221,157,28,140,43,100,238,231,78,252,90,75,2,78,58,189,25,191,46,31,134,21,175,141,53,106,157,236,13,45,11,42,133,243,47,129,58,105,184,162,23,190,76,83,12,27,42,189,11,215,121,93,208,68,243,202,23,97,203,168,78,20,44,62,144,220,37,193,115,52,175,162,3,198,29,31,84,122,113,235,76,179,58,17,240,3,167,156,19,97,211,175,93,74,76,126,211,235,43,155,43,93,219,226,72,245,22,10,69,71,108,179,5,179,90,86,194,18,253,196,114,254,32,76,165,89,33,49,148,222,32,195,19,100,253,233,68,224,90,75,2,125,125,233,93,179,58,2,138,84,243,218,102,34,142,244,3,91,41,61,133,215,47,142,18,96,254,231,84,255,90,75,16,7,42,189,11,197,115,75,208,50,173,137,62,125,207,161,93,28,0,49,136,157,98,193,27,112,255,226,82,178,85,71,98,80,56,209,88,240,114,90,215,16,167,202,124,44,235,165,87,13,44,39,133,203,33,141,125,41,172,190,13,163,73,87,12,25,54,162,5,162,34,31,156,74,253,197,114,34,141,244,3,72,64,103,221,139,125,207,109,53,182,172,99,253,10,3,69,91,75,248,83,244,70,90,220,3,179,202,124,44,250,174,78,27,2,55,209,243,47,132,56,96,232,172,13,171,72,75,20,31,52,168,5,162,32,31,149,94,243,223,124,44,157,236,22,72,66,103,195,147,122,207,110,51,182,191,16,190,90,33,79,74,109,226,101,254,101,71,134,74,253,171,63,96,209,165,76,13,76,126,192,138,126,207,125,86,234,235,68,246,88,79,68,76,116,240,80,184,52,31,134,21,171,154,57,96,216,226,3,91,8,61,131,210,47,151,125,41,184,171,15,160,30,69,12,27,40,168,5,163,32,11,136,94,239,196,114,79,202,180,64,59,27,38,133,208,32,160,48,105,245,252,3,190,79,85,12,27,44,161,5,167,34,31,134,61,255,202,124,44,203,175,92,13,28,59,159,216,108,207,125,118,239,236,3,190,90,71,125,11,52,179,114,177,88,92,202,3,255,181,114,34,157,147,78,15,11,114,178,208,32,133,54,98,184,162,16,164,72,75,19,25,33,189,27,169,58,17,233,9,170,155,53,76,202,180,91,22,0,99,178,211,39,128,52,39,182,172,104,252,8,18,84,107,125,246,72,255,52,31,134,47,177,152,37,122,252,168,78,23,9,55,149,157,98,193,22,107,234,251,85,215,22,3,69,77,58,236,5,252,119,75,246,3,184,155,109,63,134,247,3,10,27,48,178,215,59,141,52,118,167,245,90,251,22,20,84,91,109,242,93,248,121,93,215,91,164,220,99,56,141,247,28,72,91,96,221,139,126,209,105,48,169,186,21,162,84,85,22,17,44,167,17,163,37,0,136,85,239,218,97,54,137,244,22,78,66,102,194,137,123,208,106,55,163,184,13,166,72,85,25,24,46,167,25,169,58,6,150,86,237,209,96,59,137,241,3,72,93,99,201,139,126,207,107,53,168,185,16,171,74,84,20,5,41,166,25,162,47,0,146,85,243,221,99,56,134,243,25,64,88,99,221,141,123,213,115,55,175,191,23,171,73,87,16,16,52,160,31,166,33,4,150,84,239,196,99,62,141,243,30,78,91,101,194,147,122,211,109,60,171,184,23,163,76,75,17,30,41,161,29,168,38,0,136,82,236,22,84,56,140,246,23,85,90,98,194,143,122,219,109,53,170,162,21,161,78,80,19,24,33,161,29,189,34,3,151,87,238,219,105,55,140,236,27,74,88,101,200,136,122,215,111,41,174,190,18,163,79,94,23,17,46,189,28,169,47,11,150,82,243,221,98,62,140,245,24,72,92,99,221,142,119,212,105,54,168,162,18,162,74,84,17,30,45,166,16,189,35,3,151,81,239,209,102,55,137,236,26,75,94,102,195,142,120,208,108,41,175,187,18,164,76,95,17,27,32,236,5,242,121,93,215,18,190,134,36,125,130,187,13,50,11,43,147,214,32,135,125,41,184,250,78,225,12,21,73,71,127,179,5,179,101,70,198,68,243,217,100,34,157,174,70,21,76,126,211,204,58,145,54,107,253,172,13,176,30,8,82,68,121,229,11,189,52,72,248,68,150,134,36,107,209,179,70,13,23,14,211,133,107,135,115,89,184,221,81,247,29,3,124,11,34,180,7,162,112,31,248,68,139,154,57,107,204,156,13,67,75,54,221,227,108,168,58,124,248,231,79,246,36,69,26,117,58,180,90,205,52,78,134,74,253,161,62,122,218,174,92,16,26,43,211,147,108,176,47,96,255,234,3,190,90,51,82,64,125,226,11,189,52,67,199,7,179,132,114,115,147,173,78,1,60,55,150,204,115,210,111,41,233,251,67,209,16,18,78,66,107,172,82,234,127,93,215,18,173,157,51,122,214,175,65,10,83,41,194,143,127,218,103,60,162,182,25,190,76,84,22,27,47,162,24,164,36,31,144,85,233,219,99,54,134,244,27,85,91,96,193,143,119,215,109,53,163,162,20,167,75,81,20,17,41,163,17,236,58,80,203,8,172,156,49,96,203,179,18,2,76,37,131,214,58,134,57,108,246,235,3,239,84,10,65,81,74,244,78,226,43,0,136,21,170,138,19,102,202,174,68,10,83,41,140,147,59,147,41,100,246,202,68,225,27,20,29,82,99,255,72,252,115,14,134,37,144,166,22,71,248,159,105,48,34,23,211,147,39,141,44,113,251,237,74,175,30,6,76,90,125,189,64,245,110,14,149,27,243,147,62,111,210,165,18,91,10,51,133,222,108,207,54,107,233,250,64,241,19,90,84,91,109,244,5,248,114,75,153,85,162,149,124,97,207,141,78,9,83,41,188,240,24,166,98,53,182,194,110,211,60,44,29,24,52,221,102,208,82,125,237,42,226,218,124,79,251,132,18,74,66,1,164,253,115,215,115,72,207,194,28,167,84,35,105,127,37,167,5,220,89,119,153,81,243,189,30,67,130,248,3,58,33,28,178,254,26,222,102,41,214,203,111,175,73,87,12,108,73,172,24,160,58,127,240,91,238,218,124,66,250,253,30,74,66,24,188,239,115,210,107,41,208,195,113,219,62,90,17,28,52,219,100,193,95,117,234,41,139,213,97,56,147,142,96,45,83,99,198,147,9,164,26,81,167,191,25,190,63,52,101,125,37,160,16,189,88,118,243,50,158,170,28,75,130,242,31,85,61,23,165,235,15,161,19,64,167,188,16,190,63,34,116,125,89,211,101,212,43,1,150,74,140,173,4,90,254,130,99,60,37,111,195,140,98,164,26,81,206,207,99,222,61,44,29,27,44,189,122,212,66,127,237,53,139,213,98,59,147,135,106,45,59,2,167,254,2,222,109,51,182,221,100,198,45,55,118,104,84,172,27,166,58,117,235,52,143,186,21,94,130,242,23,85,40,29,163,243,1,172,15,56,168,183,13,209,52,40,115,124,74,212,20,162,38,31,231,39,147,164,109,61,142,236,108,56,34,30,162,250,2,165,98,54,168,162,115,215,44,50,114,103,37,162,26,189,94,114,232,50,226,218,101,59,194,189,82,85,27,34,135,222,34,167,58,118,249,253,28,233,3,9,65,68,125,172,11,242,121,93,194,15,184,202,124,103,209,179,91,24,13,57,204,203,60,150,58,41,243,234,89,175,65,26,12,82,118,240,68,244,43,17,231,41,145,174,25,73,224,134,102,53,43,112,221,214,32,144,43,100,249,229,28,230,10,18,69,5,113,245,81,172,39,4,217,27,243,135,32,67,222,176,18,2,35,29,167,250,115,211,115,73,213,207,101,217,69,86,12,101,87,208,109,223,95,127,153,84,243,169,20,74,130,243,3,42,59,16,204,139,98,174,10,73,167,187,13,214,49,49,29,31,52,220,102,213,43,4,136,51,145,165,109,54,147,131,96,55,45,19,165,130,119,207,19,64,212,179,16,162,84,34,113,20,41,160,5,221,66,14,149,84,243,164,21,51,142,243,3,51,35,2,204,142,122,207,21,72,202,199,103,175,73,82,12,99,85,193,96,215,88,124,240,91,238,222,124,64,240,148,18,72,89,126,182,248,11,183,98,52,162,162,102,193,61,51,29,24,33,189,103,212,65,103,229,36,147,173,109,60,143,236,124,60,58,6,176,253,2,166,98,55,171,162,102,215,44,51,97,107,84,212,20,163,36,31,247,35,139,188,17,76,243,133,100,68,92,97,221,248,11,183,11,68,216,194,100,217,69,85,20,5,75,212,125,221,95,96,240,91,237,221,124,73,250,148,122,41,56,19,189,130,124,213,115,86,223,218,116,194,46,38,108,20,42,166,5,215,89,97,244,52,154,184,109,60,135,236,105,54,60,30,190,240,30,222,109,60,182,205,109,221,43,50,114,108,37,162,25,189,85,114,232,42,226,219,97,34,252,129,99,53,61,23,189,249,115,208,109,41,200,203,117,199,42,41,29,26,43,189,97,208,90,103,153,84,234,221,45,115,147,187,70,23,29,38,131,202,45,151,54,106,244,253,28,233,75,87,17,16,32,168,17,169,46,31,145,86,236,219,104,60,143,241,25,85,91,96,193,143,119,208,102,48,169,162,20,167,75,81,20,17,41,163,17,236,58,80,203,8,172,156,49,96,203,179,18,2,76,34,146,222,34,143,125,120,182,227,64,234,42,2,71,90,37,163,5,226,99,81,231,14,170,134,59,125,130,187,84,16,0,33,133,205,59,128,43,108,245,224,82,175,3,84,16,24,33,169,16,169,46,11,136,84,233,208,100,56,135,242,29,65,66,97,193,141,126,214,106,49,168,186,13,166,75,81,19,26,32,167,17,169,58,6,150,86,238,221,105,58,135,249,3,75,91,100,221,141,120,219,107,51,162,189,16,164,84,84,16,27,41,163,25,168,32,2,136,82,236,222,100,62,139,242,29,77,66,103,195,143,124,209,106,53,168,187,13,164,78,87,20,17,52,162,25,163,36,6,150,86,236,220,124,58,138,249,31,73,86,126,197,143,125,211,107,61,171,183,20,190,73,80,19,25,41,164,25,169,58,6,151,81,237,222,101,55,141,241,3,74,92,107,195,142,120,207,106,55,170,189,20,164,72,94,23,5,41,168,30,167,37,1,136,85,239,218,100,58,135,246,27,75,66,100,196,138,120,210,105,41,174,190,18,160,76,82,21,30,41,189,24,166,34,10,156,87,238,223,124,59,140,247,27,79,93,96,200,136,98,214,109,51,175,183,19,190,77,85,16,28,45,163,30,161,35,31,151,95,234,216,96,54,147,243,31,75,88,102,196,141,123,211,115,61,175,188,19,160,76,75,20,25,43,165,29,163,47,7,147,74,238,223,102,55,139,247,29,79,66,103,194,136,120,213,111,51,173,189,13,165,74,84,25,31,32,189,28,163,38,4,144,95,236,217,99,34,138,249,29,74,86,102,221,134,127,212,104,51,170,162,21,162,75,82,16,17,47,162,16,189,39,4,147,80,239,218,102,61,147,245,28,78,89,96,199,139,120,214,115,50,162,183,22,164,72,75,25,24,32,163,30,163,58,1,146,95,236,208,101,57,139,242,3,77,93,101,192,141,123,208,104,51,182,189,17,161,73,87,20,25,40,169,5,165,38,0,147,86,233,217,98,63,147,243,31,74,92,97,196,143,118,211,115,49,170,189,25,161,79,80,16,31,52,160,27,165,35,10,145,84,243,221,98,63,141,247,28,79,94,99,221,142,127,210,103,50,168,190,13,166,75,80,20,28,43,162,24,163,58,7,151,81,234,217,105,63,143,244,3,76,92,99,192,139,125,211,107,52,182,183,25,165,73,84,22,5,43,169,31,166,47,5,151,86,236,196,98,61,139,249,30,74,89,107,195,147,127,211,106,53,171,191,19,190,74,81,25,28,41,167,17,160,38,31,144,85,232,218,101,56,139,244,23,85,93,98,194,141,125,214,111,61,170,162,21,162,75,95,19,30,47,161,28,189,39,1,144,80,232,218,96,34,139,243,24,76,95,107,194,137,126,207,107,54,173,187,25,167,73,82,18,5,45,163,24,163,33,7,149,87,236,196,97,63,142,248,24,75,94,126,194,135,120,218,109,50,172,189,18,190,74,84,20,16,41,162,30,168,36,31,149,87,238,222,100,63,137,236,29,79,87,103,201,141,125,214,111,41,174,189,22,161,74,86,25,17,44,189,26,161,37,0,148,86,233,217,102,34,139,240,28,64,94,97,197,134,121,207,108,53,169,186,18,163,78,95,24,5,44,161,29,161,37,6,148,94,237,196,97,58,139,244,31,64,88,126,196,141,127,215,104,53,168,190,24,190,73,84,17,31,40,168,31,189,34,0,147,80,234,216,105,58,139,236,27,74,89,101,192,137,121,208,105,41,175,188,16,161,75,94,22,29,33,189,24,160,46,7,145,87,237,196,99,54,137,249,22,74,90,96,199,147,124,208,107,60,171,189,22,171,74,75,17,27,44,169,27,164,32,31,150,80,230,223,97,61,139,241,26,85,95,97,192,140,121,218,109,41,171,182,16,167,75,83,24,31,52,160,17,165,35,6,144,83,238,223,124,60,138,241,25,64,95,98,192,143,98,210,103,53,168,188,21,163,77,75,18,26,44,168,24,162,33,10,151,74,238,208,96,60,141,244,30,79,66,96,199,134,121,210,108,49,171,188,13,161,72,84,18,26,45,161,17,168,58,6,148,82,233,218,103,60,143,240,3,76,92,99,194,140,119,210,108,50,182,188,18,166,65,86,19,30,33,163,5,163,37,7,157,87,236,223,105,60,147,245,26,74,88,102,201,142,124,219,34,41,249,225,79,225,12,6,78,93,107,172,82,179,127,64,194,15,179,141,114,34,157,178,74,24,10,52,152,211,43,193,115,39,238,225,79,231,21,5,69,91,58,189,11,252,119,71,199,14,253,196,114,82,157,137,65,13,11,60,130,214,58,154,3,39,160,166,4,246,83,78,2,5,58,205,11,194,102,86,193,2,131,202,106,38,228,229,75,92,64,15,218,150,108,207,125,89,184,218,83,251,29,20,124,11,34,185,12,245,61,26,134,74,253,180,114,69,218,185,77,16,0,54,173,157,116,191,125,45,193,208,125,176,37,76,9,117,58,179,5,179,123,82,208,14,253,196,114,109,211,161,66,9,76,126,211,217,34,140,48,119,184,162,3,219,22,19,69,71,107,248,93,232,52,31,134,53,175,141,53,106,157,236,13,45,28,59,148,204,108,207,125,107,243,226,3,190,12,21,85,76,52,247,72,253,101,86,136,68,175,139,49,98,211,226,82,85,3,51,137,237,43,132,44,56,168,186,13,225,13,5,99,65,109,255,66,226,43,72,223,15,177,155,36,124,202,163,91,16,1,60,130,130,53,215,108,51,168,190,22,164,73,81,12,26,40,163,24,169,32,7,157,80,243,220,96,60,136,248,26,73,92,103,221,139,125,213,107,53,174,186,25,162,84,84,22,16,41,167,29,169,38,0,136,85,231,221,104,57,137,244,23,72,66,103,196,140,120,215,103,52,168,182,92,190,27,8,78,90,108,240,71,229,101,14,223,68,154,134,37,99,157,236,13,50,11,43,178,208,42,134,125,41,184,197,68,235,26,14,78,77,58,236,5,252,119,75,246,3,184,155,109,58,147,179,90,27,45,58,132,209,37,144,98,126,231,162,84,226,14,6,76,109,125,226,74,226,43,72,223,8,190,133,53,51,157,163,64,23,8,59,150,157,98,138,49,118,238,239,66,249,69,1,65,69,107,244,5,248,114,75,153,87,162,196,43,96,222,173,74,68,76,57,148,198,44,138,49,97,184,162,72,252,11,19,65,74,115,172,93,227,99,86,136,15,187,144,109,63,141,189,82,85,1,34,188,222,62,222,36,72,213,216,100,175,72,75,108,102,89,213,98,172,39,31,232,41,158,172,30,71,243,253,29,85,47,22,181,130,125,207,12,80,216,179,21,190,53,50,108,20,45,189,109,216,64,14,146,74,146,167,20,51,136,236,122,55,35,111,201,147,13,172,17,70,219,218,28,171,84,43,101,103,37,160,25,189,83,98,153,87,238,196,28,90,130,241,29,85,34,23,204,142,125,207,21,72,202,179,16,166,84,45,109,121,81,215,20,160,35,31,238,43,143,161,22,64,240,148,18,72,88,126,191,240,26,222,110,50,182,201,102,215,44,90,17,17,52,214,122,212,66,14,149,95,243,166,21,89,235,129,109,53,43,111,195,143,98,176,26,81,206,207,99,222,61,90,18,24,52,214,108,197,66,114,230,42,154,213,98,60,147,147,106,45,58,19,179,243,11,168,98,55,169,162,102,215,44,51,97,107,84,212,98,172,36,7,136,53,154,188,28,71,236,148,18,75,91,126,182,250,26,182,15,83,219,194,28,160,78,75,115,108,76,196,121,199,87,127,153,84,232,196,22,65,237,144,125,60,62,111,195,135,98,165,16,87,214,193,110,194,69,85,25,5,91,221,102,194,67,97,225,91,236,216,124,77,254,140,99,68,93,99,221,252,15,175,19,86,223,194,103,175,75,85,12,123,93,197,124,195,88,14,151,85,243,160,17,66,235,253,29,76,91,47,140,194,98,150,47,115,251,226,101,247,11,4,83,20,99,234,71,240,123,86,153,68,156,167,30,72,246,135,112,63,39,30,180,157,98,138,49,118,238,239,66,249,69,1,65,69,107,244,5,248,114,75,153,86,162,196,43,96,222,173,74,68,76,49,158,209,40,138,56,39,182,231,79,225,12,6,67,66,37,247,72,253,101,86,136,15,187,144,109,63,194,236,84,23,15,63,148,130,108,170,17,81,223,192,114,219,44,62,127,100,81,223,11,189,127,93,215,18,190,139,59,51,217,161,67,10,11,126,152,219,54,222,109,120,182,245,79,243,21,2,29,11,81,223,125,212,88,96,237,50,134,183,29,79,231,226,3,16,0,33,133,222,45,136,98,99,251,226,82,247,84,14,68,81,37,162,84,189,109,93,197,11,186,213,114,93,239,133,106,61,49,31,184,241,108,207,54,107,233,250,64,241,19,90,70,72,116,226,76,189,127,87,220,91,235,149,124,117,209,161,66,28,83,112,162,239,11,166,27,90,215,207,121,176,84,14,78,90,108,240,74,250,43,85,197,10,172,141,124,103,219,184,18,76,19,126,138,209,47,142,58,56,184,218,115,219,61,52,127,100,81,223,11,189,127,93,215,18,190,139,59,51,217,161,67,10,11,126,152,219,54,222,105,120,182,245,79,243,21,2,29,11,76,195,96,212,69,108,233,39,135,202,124,103,209,179,91,24,13,57,204,217,47,143,44,96,182,231,69,234,69,80,93,84,52,254,89,220,119,67,153,29,146,167,6,75,130,240,3,53,33,19,181,244,115,210,115,73,213,207,101,220,49,43,29,27,52,208,109,213,43,0,136,53,138,170,109,58,147,141,122,53,83,103,221,251,7,181,98,51,182,195,110,214,69,80,12,124,86,220,20,169,58,112,235,40,156,169,4,51,134,236,99,60,32,111,192,143,98,166,14,56,171,191,13,222,44,90,17,27,52,221,108,172,39,0,136,44,146,184,109,63,139,236,101,52,62,27,183,130,127,214,115,79,215,222,104,212,54,40,116,20,41,167,5,223,89,103,153,87,232,196,23,73,250,148,18,72,86,126,182,236,11,183,98,52,163,162,111,215,47,51,97,107,84,212,20,163,38,31,247,35,139,188,17,76,243,133,18,75,95,126,182,250,26,183,30,71,214,203,28,160,74,75,115,108,76,197,104,211,90,118,239,91,237,219,124,73,250,148,123,56,44,30,180,244,115,209,107,41,201,203,117,222,49,52,116,20,42,164,5,214,83,103,241,54,137,169,28,51,141,246,3,42,43,6,164,239,24,162,19,56,168,185,13,212,55,53,112,123,93,193,20,163,46,31,226,41,141,164,31,65,239,253,29,64,66,17,189,240,29,182,13,64,167,189,17,190,59,38,108,101,37,162,24,189,85,114,232,42,140,173,28,72,130,243,29,85,60,23,165,234,28,173,98,54,169,162,105,211,52,51,29,27,45,164,84,236,107,31,209,22,169,137,60,74,218,179,76,10,83,41,138,209,47,142,58,56,184,205,110,220,62,46,103,118,94,216,101,212,52,31,205,8,172,156,49,109,212,253,91,11,27,55,221,214,42,155,98,52,173,243,13,233,22,6,77,76,37,179,74,254,120,85,205,1,253,196,57,96,204,180,78,26,5,111,133,205,59,134,115,108,254,246,28,171,5,75,91,71,121,252,76,172,52,122,234,50,154,166,3,71,235,153,112,52,39,28,211,147,39,141,44,113,251,237,74,175,12,21,85,76,52,248,77,233,43,2,148,27,243,147,62,111,210,165,18,91,39,28,165,250,0,176,22,81,195,209,108,211,32,69,12,64,118,226,93,240,117,88,153,18,173,157,53,34,214,164,87,68,95,99,140,147,53,141,62,104,255,179,3,193,40,34,101,109,71,220,96,223,52,31,205,8,172,156,49,109,212,253,91,11,27,55,221,214,42,155,98,52,168,243,13,233,22,6,77,76,37,179,122,193,83,118,224,57,146,169,8,44,147,169,65,10,26,51,146,212,115,151,45,112,255,162,72,246,0,90,17,26,101,189,82,255,119,94,193,91,253,188,2,71,250,147,112,52,39,28,211,147,39,141,44,113,251,237,74,175,12,21,85,76,52,248,77,233,43,2,144,27,243,147,62,111,210,165,18,91,58,0,184,250,29,188,18,68,194,172,13,251,22,20,84,72,123,250,20,229,100,70,193,74,182,140,40,51,142,245,82,4,66,61,129,242,47,147,98,126,215,193,119,215,69,87,12,101,87,208,109,218,43,2,136,42,144,169,20,64,246,140,18,75,66,19,181,251,115,208,115,86,207,204,28,166,84,42,117,101,37,164,5,213,95,101,153,80,243,165,31,74,130,247,3,44,32,31,204,135,98,160,16,75,217,207,117,175,65,75,108,108,86,172,24,161,58,118,245,91,238,217,124,66,235,253,30,75,66,30,180,130,127,208,115,79,215,222,28,163,76,75,106,100,72,216,111,172,39,6,136,44,146,184,25,72,241,143,123,68,95,100,221,241,1,183,98,52,173,162,102,213,61,51,29,24,32,189,110,194,83,103,153,87,230,196,30,75,232,148,110,59,34,23,204,141,126,207,12,64,206,218,96,208,52,34,29,27,41,189,110,212,66,103,229,36,147,173,109,60,141,236,124,60,58,6,176,253,2,166,20,56,168,189,13,213,61,51,116,104,90,221,108,218,43,1,144,74,140,173,4,66,246,147,123,68,92,103,221,248,11,183,10,85,204,207,109,175,74,81,12,122,93,197,124,193,64,114,232,91,237,223,124,72,240,146,127,43,43,2,204,141,118,207,25,74,200,194,110,221,40,90,18,16,52,210,101,222,69,102,246,35,226,219,96,34,252,129,99,53,83,97,192,147,13,162,19,73,201,203,109,212,69,84,18,5,74,212,125,196,68,125,153,85,236,196,24,79,243,148,18,75,91,103,140,194,98,152,54,107,233,250,83,231,27,19,73,70,118,226,20,234,39,0,149,86,232,218,124,60,135,245,29,78,86,101,195,143,98,209,106,52,173,187,23,167,77,86,12,24,43,160,25,166,36,31,149,80,230,223,99,54,141,244,3,72,86,102,196,139,119,219,102,52,182,188,20,163,78,94,17,25,41,161,5,160,32,11,144,84,232,221,99,34,141,243,27,64,95,97,198,134,125,207,110,51,162,186,19,165,77,83,12,27,46,169,28,162,37,4,146,85,243,219,99,56,142,249,22,79,86,126,196,138,125,212,110,54,163,188,17,190,74,84,20,16,41,162,30,168,36,31,151,86,237,217,104,56,139,249,22,85,91,98,194,138,121,219,105,55,174,162,20,160,72,85,25,25,45,167,27,189,32,5,151,86,235,196,97,61,141,240,22,79,66,99,200,137,118,213,107,41,168,184,25,164,78,83,24,26,43,189,24,168,33,2,150,86,243,218,101,63,135,248,24,79,95,101,221,140,125,212,106,52,170,186,17,190,77,82,19,17,44,165,16,168,36,31,145,83,236,222,100,54,142,242,23,4,66,49,158,209,61,151,62,107,238,253,28,233,90,69,12,79,121,253,90,244,58,71,214,19,186,196,114,126,220,161,67,21,76,47,221,210,47,155,13,96,253,253,28,167,84,20,85,75,91,249,92,255,125,64,153,29,164,129,62,125,203,178,90,26,26,59,158,209,61,222,36,54,170,191,24,170,65,95,24,17,52,165,26,167,34,3,144,84,237,220,124,58,143,242,24,65,91,98,195,138,98,210,104,53,169,183,18,164,74,75,17,30,41,161,29,169,47,10,136,83,236,223,96,62,141,247,26,77,66,100,199,143,122,219,115,48,168,186,20,166,76,75,20,25,43,160,24,162,47,11,156,74,238,223,99,62,142,245,31,64,66,103,195,143,123,214,109,50,170,185,13,163,65,95,20,25,40,189,27,167,34,2,157,84,243,219,98,55,134,248,27,85,90,103,200,138,124,211,115,48,168,187,18,163,74,75,21,16,41,160,25,165,58,6,150,86,234,221,98,55,137,241,3,74,87,103,193,143,118,207,108,49,170,191,18,163,64,83,12,24,32,165,28,164,38,10,149,95,243,218,101,63,137,249,30,73,95,97,221,140,124,218,109,52,172,162,21,167,64,80,21,27,52,164,27,164,46,1,144,74,236,222,105,63,143,240,26,76,92,126,195,140,122,218,110,54,173,185,24,190,73,94,22,31,40,169,5,164,35,0,156,82,235,209,105,60,147,245,26,74,88,102,201,142,124,219,34,41,249,225,79,225,12,6,78,93,107,172,82,179,113,82,201,3,253,196,114,105,204,181,77,91,66,112,175,216,47,142,58,32,180,172,13,176,90,75,2,78,117,240,93,242,126,17,136,68,132,182,117,32,226,235,13,4,66,63,144,199,28,134,56,118,167,191,17,190,11,18,66,106,112,228,71,250,101,14,223,27,243,157,32,120,222,172,107,28,29,49,130,130,53,152,49,100,247,235,28,176,8,6,84,65,58,189,64,255,101,71,197,5,180,213,36,124,202,165,3,16,10,42,204,143,51,158,115,106,234,195,64,226,69,28,109,102,78,212,20,161,58,127,235,39,155,163,109,63,147,140,96,56,42,28,184,243,115,209,115,68,222,202,28,161,84,52,117,107,37,165,5,220,67,127,153,83,243,172,25,88,130,246,3,52,33,22,204,136,98,182,17,72,167,182,13,209,55,41,99,104,76,172,16,189,90,118,234,91,238,216,124,75,238,253,30,72,66,30,165,130,127,209,115,73,223,179,16,161,84,45,109,121,37,160,29,189,92,126,244,47,153,213,97,59,147,138,98,41,39,20,191,240,26,222,110,51,182,192,110,198,69,86,23,5,95,214,108,197,43,2,156,74,152,187,21,90,130,241,22,85,32,23,166,235,15,161,19,64,167,188,17,190,43,34,116,125,89,211,101,212,43,1,149,74,152,173,4,90,254,130,99,60,83,96,195,147,29,166,11,81,219,204,109,215,51,90,18,26,52,214,108,197,66,114,230,42,154,163,109,60,139,236,124,60,58,30,184,236,26,222,109,48,182,201,100,198,45,55,118,104,84,172,27,167,58,96,225,50,138,184,6,79,243,253,29,78,66,20,190,237,30,177,26,85,167,188,25,190,62,40,114,101,87,222,121,172,36,10,136,37,147,167,3,91,237,133,18,74,94,126,178,254,2,175,98,54,171,162,98,211,52,43,115,108,84,215,20,162,36,31,246,35,139,189,2,64,130,243,28,85,38,19,189,235,115,209,106,48,231,243,92,190,13,23,86,72,116,213,76,226,117,64,153,29,162,196,63,126,242,161,95,68,21,31,190,233,11,222,111,41,214,193,96,214,51,90,17,5,84,222,104,213,88,122,232,91,237,196,17,74,251,253,28,85,61,7,179,130,122,207,18,80,214,179,20,190,60,46,118,20,46,189,100,222,82,14,147,74,138,166,29,51,135,236,108,54,32,17,176,235,115,218,115,73,223,192,28,163,72,75,101,120,37,160,24,189,90,103,153,87,237,196,28,75,130,241,28,85,36,31,161,130,127,215,115,79,215,222,104,212,69,86,21,5,82,220,121,216,80,125,235,50,226,217,102,34,241,143,123,68,95,101,221,248,9,166,11,56,171,182,13,213,43,34,116,20,41,168,5,223,83,100,240,39,157,164,21,51,141,240,3,42,43,6,165,254,12,175,26,56,168,191,13,213,61,51,116,104,90,221,108,172,36,1,136,53,154,188,4,79,253,140,106,50,83,96,194,147,9,166,11,81,219,204,109,215,51,90,18,29,52,194,108,197,90,122,247,50,226,218,101,34,248,133,123,44,62,4,176,243,115,209,105,41,201,203,117,199,40,49,97,101,37,163,30,189,80,124,246,54,141,173,0,51,141,248,3,63,33,0,189,240,1,179,98,55,163,162,98,222,55,52,117,123,93,172,26,161,58,112,229,42,147,213,99,63,147,131,110,53,34,1,180,243,8,222,108,55,182,220,100,198,45,53,110,20,43,162,5,217,87,127,240,91,237,221,101,115,194,236,84,16,0,33,133,205,59,128,43,108,245,224,82,175,3,84,16,27,42,164,27,161,37,1,136,85,237,223,102,54,143,236,26,75,94,97,196,137,126,218,104,41,171,189,19,162,65,81,12,24,46,168,30,162,46,1,145,74,238,208,100,59,139,249,23,64,95,126,195,138,127,213,102,52,170,191,17,190,73,81,24,29,42,166,28,165,58,1,151,82,230,217,99,57,134,243,3,72,88,106,197,141,121,214,106,41,168,184,25,167,75,84,23,31,43,189,26,162,32,11,145,83,239,220,124,59,138,243,24,78,87,102,196,137,98,209,108,49,163,191,18,165,65,85,12,24,46,168,30,162,46,1,156,74,236,218,103,56,135,240,3,72,89,99,198,143,122,208,104,41,175,190,20,171,77,87,23,17,52,160,25,161,33,10,145,87,235,216,124,59,138,243,24,78,87,102,196,137,98,214,106,54,172,186,25,163,74,95,93,5,123,254,71,226,98,82,202,18,172,213,43,44,203,185,95,28,76,126,211,209,59,142,61,96,232,172,13,230,10,18,69,5,126,240,69,226,115,31,144,152,218,209,124,60,194,236,66,24,22,0,148,216,61,222,104,41,233,251,67,209,16,18,78,66,107,172,82,236,58,70,212,16,190,132,20,107,204,163,92,68,21,47,221,208,62,174,62,117,167,245,108,221,46,34,29,25,52,221,102,208,82,120,153,87,243,164,31,79,251,142,102,53,83,96,221,254,10,167,98,54,182,221,116,208,69,83,12,100,77,221,20,164,58,119,237,48,226,222,124,67,240,132,18,78,66,7,191,242,115,219,115,70,213,192,98,211,44,90,25,5,84,212,103,172,39,3,136,35,142,213,97,63,147,140,123,68,95,96,221,243,11,222,110,54,182,196,108,194,69,86,20,5,82,220,121,216,80,14,149,83,243,162,29,94,246,134,97,54,58,111,192,137,98,173,16,81,167,191,22,190,63,32,101,125,37,160,17,189,81,96,225,50,226,217,105,34,241,133,120,45,47,16,189,250,115,209,111,41,201,203,117,198,57,37,108,108,37,163,24,189,81,118,240,50,158,170,28,75,130,242,29,85,61,23,165,235,15,161,19,64,209,179,19,161,84,32,101,125,76,208,107,221,83,120,153,84,235,196,3,75,235,140,102,42,58,111,195,138,98,164,26,81,207,222,119,211,52,90,18,31,52,194,108,197,67,99,242,39,147,213,98,57,147,134,96,43,62,0,180,239,115,209,103,41,220,193,115,222,55,40,112,20,42,168,5,210,90,124,247,51,141,173,109,61,143,236,108,56,34,30,204,140,127,207,28,68,214,194,114,215,52,33,29,26,42,189,123,212,66,102,246,40,226,219,99,34,247,129,99,45,83,96,196,138,51,158,115,126,243,224,82,230,10,18,67,93,113,254,71,226,43,72,151,85,234,222,103,59,140,249,29,85,93,97,196,136,122,211,102,55,162,162,18,162,74,84,17,30,45,167,17,189,34,3,150,95,238,222,102,62,134,236,28,75,86,102,197,135,98,208,108,48,163,189,22,167,75,81,12,28,42,161,26,164,32,0,145,85,243,219,105,61,134,248,27,85,95,101,195,140,123,218,104,53,182,189,23,171,76,85,23,16,47,164,5,160,33,2,147,86,235,219,100,34,139,245,23,78,91,96,221,142,121,208,111,52,175,190,23,190,76,80,16,24,32,169,25,162,47,31,151,85,233,217,105,55,137,248,31,85,93,98,195,136,121,213,108,55,170,162,21,162,75,84,23,30,41,164,26,189,33,11,147,81,238,218,124,54,138,244,26,75,86,126,196,141,126,219,110,48,171,190,20,190,75,84,16,27,44,161,5,165,46,5,157,80,234,218,100,62,147,244,28,79,89,107,198,139,122,211,115,51,175,187,18,164,72,75,21,27,40,167,17,162,33,4,147,74,234,218,102,59,134,242,3,75,91,96,195,142,123,209,102,50,182,191,22,161,72,86,21,25,47,189,24,166,34,0,150,83,232,208,124,57,141,242,22,77,90,126,192,136,123,213,108,51,175,190,13,166,79,87,20,28,40,160,16,164,58,0,148,84,230,223,98,55,141,248,3,77,94,97,196,136,122,214,109,60,182,183,25,161,77,82,18,5,41,161,29,168,37,7,144,74,234,218,97,62,142,241,24,72,93,126,192,142,118,209,102,50,172,162,16,170,72,85,18,29,40,165,5,160,39,11,144,95,236,223,97,59,147,241,24,65,87,99,194,140,125,207,110,61,174,187,20,161,76,95,25,5,42,164,24,167,47,2,148,87,239,196,97,57,136,246,31,75,88,96,221,141,125,215,102,52,169,185,24,161,84,86,23,30,46,161,27,167,37,31,150,80,230,220,101,63,141,246,23,85,93,98,194,143,125,219,107,50,168,162,21,162,75,81,20,25,43,163,16,189,35,1,149,86,232,222,103,61,136,236,29,74,90,107,192,140,121,218,109,41,174,182,22,160,74,80,19,30,42,189,29,162,33,3,145,95,231,220,96,34,139,243,24,72,92,103,199,140,124,207,106,55,170,183,21,167,65,85,17,5,47,169,16,166,32,3,136,95,237,216,101,57,137,236,29,79,87,97,201,138,121,208,104,41,171,185,23,171,76,80,18,27,52,168,17,162,36,10,146,74,238,223,104,60,138,247,22,77,66,102,198,143,121,210,109,54,168,189,13,161,72,84,17,31,33,164,29,167,58,6,148,82,234,222,97,56,137,244,3,76,92,99,195,136,125,213,111,52,182,186,25,165,76,95,25,28,43,163,5,163,37,7,157,87,236,223,105,60,147,245,26,74,88,102,201,142,124,219,34,41,249,225,79,225,12,6,78,93,107,172,82,179,98,82,198,10,186,202,124,44,214,174,92,28,28,38,211,147,127,207,161,2,163,162,20,162,72,87,12,25,52,247,72,253,101,86,136,18,173,157,53,34,157,180,78,10,5,112,221,157,57,130,54,113,184,162,3,226,27,6,76,69,58,236,5,252,119,75,246,3,184,155,109,60,143,236,92,12,12,17,153,202,32,136,44,56,225,245,72,252,11,19,82,92,123,229,64,254,120,64,153,29,235,219,102,61,140,248,25,65,86,126,197,143,124,212,110,60,168,189,19,190,73,81,25,30,43,169,27,164,58,6,151,80,230,219,102,55,137,241,3,75,91,100,221,141,123,210,105,60,171,190,16,161,84,83,19,31,44,161,29,163,36,7,136,82,239,218,103,54,138,240,29,77,66,99,198,143,125,218,108,51,168,162,20,161,79,87,16,27,47,164,26,189,35,2,150,74,237,222,104,58,137,248,29,75,87,126,197,140,120,215,111,49,168,188,21,190,76,87,18,30,32,164,25,163,33,31,144,85,233,220,103,62,143,241,25,85,91,97,198,143,126,209,104,48,169,162,19,161,76,94,17,26,32,161,26,189,34,0,146,83,236,221,98,55,137,236,27,73,92,107,192,137,120,211,103,41,171,185,16,165,72,83,19,31,52,164,26,166,39,0,144,85,236,223,124,63,134,247,25,74,92,126,195,137,118,213,105,49,162,189,22,190,76,84,22,28,43,164,27,168,32,31,144,86,237,209,97,56,137,241,28,85,90,97,199,137,126,210,111,61,162,162,20,161,79,86,19,29,43,162,30,189,36,0,144,95,238,219,103,55,141,236,26,76,93,100,197,135,127,209,103,120,182,237,78,252,11,19,65,71,108,226,20,234,52,122,215,39,253,196,114,92,218,173,64,13,11,23,135,218,32,151,125,41,184,219,79,224,29,11,73,72,122,253,76,195,115,94,203,18,186,173,38,107,209,180,13,85,76,20,152,205,43,176,58,119,236,235,83,176,84,69,114,76,117,254,93,244,80,70,202,5,171,129,63,96,157,236,13,48,0,36,158,212,43,176,58,119,236,235,83,176,5,75,77,72,96,195,76,246,101,14,147,74,172,157,50,77,215,181,65,18,29,111,138,194,98,150,47,115,251,226,101,247,11,4,83,20,99,234,71,240,123,86,153,68,173,141,61,97,203,165,13,85,7,60,130,203,47,128,52,56,238,252,84,247,84,14,68,81,37,160,27,236,58,72,202,7,178,141,109,44,210,161,70,23,26,51,147,211,43,193,115,108,244,253,85,243,27,12,29,93,106,228,76,189,127,87,220,91,237,149,45,34,208,176,98,24,30,111,138,242,1,181,26,56,170,162,109,221,57,35,107,20,41,189,101,222,87,119,234,47,147,213,98,34,254,132,107,68,93,126,162,234,12,222,107,41,215,219,109,175,77,75,100,96,78,172,31,189,91,124,224,91,232,196,5,64,242,253,23,85,45,29,191,252,15,183,98,60,182,194,100,220,69,86,16,5,93,192,20,160,39,31,232,50,226,217,98,34,243,133,18,72,93,126,187,242,30,222,110,49,182,196,108,194,49,33,29,24,45,189,99,220,70,122,226,40,144,188,109,63,137,236,97,54,58,111,192,136,98,164,24,64,206,179,16,170,84,32,115,108,76,172,24,168,58,125,225,49,139,169,18,66,250,253,29,73,66,1,180,235,26,162,29,73,223,179,19,163,84,32,101,125,76,208,107,221,83,14,150,84,243,187,21,90,235,129,109,53,43,25,204,141,125,207,24,64,206,218,96,208,52,34,107,20,42,165,5,194,83,103,232,47,140,188,109,60,138,236,104,60,58,7,161,233,15,175,98,55,172,162,114,215,44,50,112,127,89,221,20,163,33,31,226,41,141,184,2,75,239,253,29,65,66,20,190,237,2,172,16,85,167,188,24,190,59,43,111,122,77,195,108,172,37,3,136,37,158,164,28,51,140,241,3,58,47,30,189,236,11,175,25,56,169,188,13,192,61,51,117,123,86,172,26,162,58,123,229,42,139,213,98,59,138,189,82,4,66,39,129,201,47,143,27,96,233,237,82,175,3,28,78,72,117,244,20,179,113,86,208,11,190,144,38,111,211,181,74,91,66,59,159,204,58,130,60,110,167,250,83,231,29,75,73,77,96,172,27,163,107,31,223,8,190,133,53,51,157,178,74,10,1,62,135,218,28,134,50,106,238,235,3,190,17,9,83,93,121,242,66,172,98,65,209,3,243,129,52,118,130,242,30,4,66,41,159,222,35,134,98,39,217,219,114,198,55,42,127,123,93,220,102,197,83,108,244,39,139,160,114,34,214,174,92,13,15,49,154,130,58,145,42,96,182,231,69,234,69,86,22,84,101,189,70,225,91,82,212,91,164,165,31,88,250,253,31,85,34,29,176,251,5,222,110,41,214,193,96,214,54,46,108,20,42,189,104,213,82,14,151,74,140,189,18,51,139,236,98,44,34,111,196,147,10,170,9,56,172,162,108,221,60,90,23,5,77,223,100,172,46,31,231,41,145,171,17,90,130,249,3,53,43,28,204,142,126,207,26,84,167,191,16,190,52,51,29,24,42,189,101,212,43,2,151,74,149,165,0,51,142,244,3,51,35,2,184,249,115,210,106,41,208,195,113,219,62,41,111,125,37,160,31,189,88,124,240,91,238,223,124,73,248,133,123,68,95,106,221,248,29,166,11,56,171,183,13,220,61,48,116,104,90,221,108,172,36,3,136,53,154,188,4,79,253,140,106,68,92,99,221,248,11,183,11,68,216,194,100,175,74,85,12,122,93,197,125,208,84,127,225,45,226,218,99,34,248,133,123,45,47,16,189,250,5,222,109,49,182,221,100,198,52,46,115,125,37,163,28,189,81,118,240,51,143,190,17,66,130,242,25,85,61,23,165,234,30,181,30,73,167,188,22,190,62,40,114,121,74,212,121,172,36,11,136,32,144,186,28,65,240,144,18,75,87,126,178,243,1,176,10,87,223,179,18,162,84,36,97,101,84,172,26,160,58,112,229,42,147,187,21,66,249,253,28,75,66,0,180,235,27,177,17,56,169,189,13,218,57,43,116,20,42,164,28,236,107,31,223,15,177,155,36,124,202,163,91,16,1,60,130,130,53,215,108,51,168,190,22,164,73,81,12,27,46,169,29,167,46,1,144,83,243,219,96,60,142,242,31,64,88,98,221,139,126,209,104,52,163,188,18,161,84,82,16,26,44,165,30,164,35,1,136,83,237,216,97,59,134,244,23,64,66,96,196,137,98,208,111,55,171,182,23,166,65,95,12,29,40,163,30,169,35,3,150,81,243,220,99,56,139,240,27,64,87,96,221,141,120,209,110,49,174,162,20,160,72,85,18,28,42,169,24,189,37,3,150,84,234,218,96,61,141,236,27,73,92,106,196,143,118,209,111,41,169,190,19,161,64,84,17,25,33,189,29,161,36,10,156,84,235,216,102,34,139,243,209,125,88,106,201,143,98,215,111,54,170,186,25,163,65,94,12,24,47,163,26,164,47,4,146,74,234,218,96,58,141,241,23,65,87,126,195,137,125,215,109,49,182,187,19,162,74,94,16,28,46,160,5,163,37,7,157,87,236,223,102,55,147,243,28,65,86,96,192,142,124,207,107,48,169,189,16,161,77,84,22,5,45,164,26,167,34,11,149,84,231,149,124,109,208,174,92,13,15,60,133,204,115,152,125,113,251,253,74,176,84,69,83,89,121,230,71,179,58,17,208,7,189,132,53,44,147,226,70,23,29,55,131,203,108,207,125,114,251,231,85,176,84,69,77,72,108,249,11,189,52,94,197,30,253,196,114,93,207,165,74,29,76,126,193,145,126,210,34,41,247,239,89,192,29,0,83,20,32,189,90,228,116,112,204,19,177,131,35,51,196,187,70,23,29,38,131,202,45,151,54,106,244,253,28,233,76,84,22,27,40,166,31,160,32,31,144,85,233,219,99,54,134,244,27,85,90,98,195,136,127,218,109,54,168,162,21,161,78,83,16,29,44,169,25,189,34,3,150,81,231,221,96,60,138,236,26,75,94,98,200,139,124,211,102,41,175,187,18,164,76,95,17,27,32,236,5,242,121,93,215,18,190,134,36,125,130,187,13,48,0,38,148,209,61,138,43,124,184,162,3,198,10,14,69,90,58,236,5,252,119,75,246,3,184,155,109,58,147,179,90,27,45,58,132,209,37,144,98,126,231,162,84,226,14,6,76,109,125,226,74,226,43,72,223,8,190,133,53,51,157,162,64,20,12,112,221,214,32,144,43,100,249,229,28,244,25,11,83,76,52,248,77,233,43,2,217,74,164,134,49,99,218,253,13,26,1,60,151,214,41,193,115,108,244,253,85,243,27,12,29,79,121,253,90,244,58,90,192,30,226,218,45,115,147,175,95,52,15,34,204,196,3,172,9,64,167,190,13,222,55,38,100,98,37,160,5,221,89,114,224,40,150,164,109,60,147,129,107,61,83,97,221,236,27,161,98,49,182,195,116,222,69,82,12,109,81,199,20,167,58,126,235,34,226,223,124,91,241,141,18,65,66,17,190,241,13,162,11,56,163,162,109,215,54,90,17,25,52,212,120,172,39,2,136,42,139,213,97,60,147,140,106,68,95,97,221,245,3,179,98,52,174,162,107,223,40,46,102,20,41,164,5,219,91,99,237,32,145,167,4,51,142,246,3,55,33,6,204,142,121,207,24,66,223,218,28,163,64,75,103,122,93,197,20,160,47,31,234,35,136,188,17,76,243,133,18,75,94,126,162,250,26,183,30,71,214,203,28,160,73,75,103,108,76,197,104,211,90,118,153,84,237,196,3,75,235,148,110,59,34,23,186,130,124,208,115,66,223,218,117,211,58,43,101,98,37,163,29,189,69,118,240,42,150,187,4,51,141,245,3,62,43,6,164,239,24,162,19,56,168,184,13,193,61,51,117,121,78,208,101,172,36,4,136,32,144,186,0,92,250,144,18,75,86,126,183,240,28,175,16,74,202,179,19,171,84,36,108,102,75,196,123,212,43,0,148,74,156,169,28,66,130,243,30,85,45,19,189,243,29,166,19,67,167,189,19,190,42,34,116,124,74,223,20,162,37,31,236,39,147,188,109,60,138,245,82,4,19,126,132,207,56,130,51,65,255,253,66,225,69,28,91,71,121,252,76,172,52,95,197,1,184,141,34,75,209,161,77,21,11,54,211,147,39,141,44,113,251,237,74,175,12,21,85,76,52,248,77,233,43,1,144,27,243,147,62,111,210,165,18,91,12,61,156,221,108,207,54,107,233,250,64,241,19,90,84,91,109,244,5,248,114,75,153,84,236,149,124,117,209,161,66,28,83,112,146,208,32,133,54,98,184,162,72,252,11,19,65,74,115,172,93,227,99,86,136,15,187,144,109,55,194,236,84,23,15,63,148,130,108,129,48,104,248,218,73,224,29,6,68,90,58,189,64,255,101,71,197,5,180,213,36,124,202,165,3,16,10,42,204,141,120,158,115,126,244,239,76,247,69,69,76,72,127,246,76,227,66,91,214,3,190,140,114,34,214,174,92,13,15,49,154,130,58,145,42,96,182,231,69,234,69,85,21,84,101,189,70,225,91,82,212,91,164,165,31,88,250,253,31,85,34,29,176,251,5,222,110,41,214,193,96,214,54,46,108,20,42,189,104,213,82,14,151,74,140,189,18,51,139,236,98,44,34,111,196,147,10,170,9,56,172,162,108,221,60,90,23,5,77,223,100,172,46,31,231,41,145,171,17,90,130,249,3,53,43,28,204,142,126,207,26,84,167,191,16,190,52,51,29,24,42,189,101,212,43,2,151,74,149,165,0,51,142,244,3,51,35,2,184,249,115,210,106,41,208,195,113,219,62,41,111,125,37,160,31,189,88,124,240,91,238,223,124,73,248,133,123,68,95,106,221,248,29,166,11,56,171,183,13,220,61,48,116,104,90,221,108,172,36,3,136,53,154,188,4,79,253,140,106,68,92,99,221,248,11,183,11,68,216,194,100,175,74,85,12,122,93,197,125,208,84,127,225,45,226,218,99,34,248,133,123,45,47,16,189,250,5,222,109,49,182,221,100,198,52,46,115,125,37,163,28,189,81,118,240,51,143,190,17,66,130,242,25,85,61,23,165,234,30,181,30,73,167,188,22,190,62,40,114,121,74,212,121,172,36,11,136,32,144,186,28,65,240,144,18,75,87,126,178,243,1,176,10,87,223,179,18,162,84,36,97,101,84,172,26,160,58,112,229,42,147,187,21,66,249,253,28,75,66,0,180,235,27,177,17,56,169,189,13,218,57,43,116,20,42,164,28,236,107,31,223,15,177,155,36,124,202,163,91,16,1,60,130,130,53,210,105,50,173,185,19,163,78,75,20,28,42,168,17,165,46,0,150,74,236,216,98,61,142,247,26,79,87,126,197,140,120,213,111,52,170,182,25,190,77,85,16,29,42,160,31,162,35,31,149,84,231,216,124,56,136,240,24,75,66,99,194,141,118,213,107,41,169,188,22,164,64,87,12,26,33,162,29,166,36,31,144,83,230,218,102,58,147,245,29,73,90,96,192,135,119,211,115,52,163,185,25,170,64,75,18,31,43,167,17,161,58,0,151,94,231,218,97,63,141,236,30,65,90,103,196,143,127,215,102,41,168,187,16,164,65,86,16,24,45,189,24,162,39,11,144,86,243,219,96,60,140,241,24,76,89,98,221,140,126,209,107,49,162,184,21,161,84,83,16,26,40,165,17,160,47,5,136,82,234,209,103,57,137,236,26,75,94,102,195,142,118,219,102,41,168,189,21,171,73,84,23,30,46,189,26,162,35,5,148,95,231,221,102,34,139,245,28,73,91,98,199,141,122,207,108,54,172,191,24,171,78,95,12,29,45,162,25,164,38,11,156,86,243,221,101,61,137,244,23,72,92,106,140,147,45,140,49,118,238,239,79,230,11,90,91,79,121,253,90,244,58,17,205,22,190,129,34,125,157,236,13,9,13,51,157,211,108,207,125,113,251,253,74,176,84,69,67,72,118,242,76,253,52,78,136,11,190,144,2,107,216,179,18,65,66,33,132,221,13,139,42,107,241,253,28,233,5,75,85,89,110,240,69,213,115,64,199,21,226,147,43,96,222,173,74,68,76,62,144,216,41,134,45,64,244,239,67,254,29,3,2,5,113,255,90,229,119,80,207,91,171,154,37,107,147,169,75,1,83,96,197,194,98,152,49,100,247,235,28,176,26,8,77,75,76,249,91,244,119,87,215,68,243,129,62,125,203,161,76,18,83,38,131,202,43,207,54,97,226,179,19,164,5,75,91,71,121,252,76,172,52,95,197,1,184,141,34,90,215,178,74,24,10,112,221,214,32,144,43,100,249,229,28,230,10,18,69,5,113,245,81,172,36,6,217,27,243,135,32,67,222,176,18,2,35,29,167,250,115,211,115,73,213,207,101,217,69,86,12,101,87,208,109,223,95,127,153,84,243,169,20,74,130,243,3,42,59,16,204,139,98,174,10,73,167,187,13,214,49,49,29,31,52,220,102,213,43,4,136,51,145,165,109,54,147,131,96,55,45,19,165,130,119,207,19,64,212,179,16,162,84,34,113,20,41,160,5,221,66,14,149,84,243,164,21,51,142,243,3,51,35,2,204,142,122,207,21,72,202,199,103,175,73,82,12,99,85,193,96,215,88,124,240,91,238,222,124,64,240,148,18,72,89,126,182,248,11,183,98,52,162,162,102,193,61,51,29,24,33,189,103,212,65,103,229,36,147,173,109,60,143,236,124,60,58,6,176,253,2,166,98,55,171,162,102,215,44,51,97,107,84,212,20,163,36,31,247,35,139,188,17,76,243,133,100,68,92,97,221,248,11,183,11,68,216,194,100,217,69,85,20,5,75,212,125,221,95,96,240,91,237,221,124,73,250,148,122,41,56,19,189,130,124,213,115,86,223,218,116,194,46,38,108,20,42,166,5,215,89,97,244,52,154,184,109,60,135,236,105,54,60,30,190,240,30,222,109,60,182,205,109,221,43,50,114,108,37,162,25,189,85,114,232,42,226,219,97,34,252,129,99,53,61,23,189,249,115,208,109,41,200,203,117,199,42,41,29,26,43,189,97,208,90,103,153,84,234,221,45,115,147,187,70,23,29,38,131,202,45,151,54,106,244,253,28,233,76,84,22,27,40,166,31,160,32,31,150,80,231,220,102,54,141,242,25,85,91,103,194,137,122,219,110,55,162,162,19,161,76,94,17,26,47,168,27,189,39,5,147,81,232,218,97,56,147,244,26,75,87,106,196,143,118,219,115,54,170,188,16,160,72,94,22,24,52,165,25,163,33,2,157,84,236,220,124,58,140,246,28,74,87,96,193,143,98,214,109,53,171,187,24,166,64,94,12,27,45,167,5,165,35,1,157,94,235,208,99,60,147,245,26,74,88,102,201,142,124,219,34,41,249,225,79,225,12,6,78,93,107,172,82,229,100,70,193,74,253,156,49,125,212,226,3,91,29,34,144,200,32,193,34,41,247,239,89,192,29,0,83,20,43,189,90,228,116,112,204,19,177,131,35,51,196,189,3,12,30,36,144,211,10,134,44,102,233,179,90,233,22,6,77,76,37,179,69,240,113,84,193,20,139,128,34,107,222,164,13,85,7,60,130,203,47,128,52,56,238,252,84,247,84,14,68,81,37,163,28,236,58,72,202,7,178,141,109,44,211,161,72,30,11,32,180,209,47,129,51,96,254,172,13,251,22,20,84,72,123,250,20,229,100,70,193,74,182,140,40,51,141,244,82,85,21,60,144,210,43,222,125,118,238,239,83,230,52,6,71,78,125,227,101,254,121,67,134,74,182,134,35,122,222,163,68,68,26,32,132,218,98,138,59,125,167,188,22,239,5,75,79,89,85,240,89,172,109,126,235,48,154,213,96,34,243,143,110,61,37,111,192,147,2,172,30,65,212,199,109,175,74,75,97,109,92,172,26,189,69,102,230,91,235,196,29,91,243,253,26,85,42,27,167,130,120,207,18,74,222,179,22,190,45,41,109,20,32,189,106,222,88,112,229,50,226,209,124,66,250,142,18,72,94,126,180,238,115,210,110,41,214,218,28,163,74,75,108,108,37,160,26,189,92,126,244,91,238,220,124,68,242,144,102,63,83,99,196,147,4,174,15,76,220,192,110,198,69,86,22,5,86,222,125,172,39,4,136,33,152,173,4,51,142,248,3,62,61,23,165,130,127,218,115,75,223,217,117,211,58,43,101,20,42,161,5,194,83,103,240,39,157,164,21,51,141,241,3,62,43,6,165,254,12,175,26,56,168,188,13,193,61,51,116,104,90,221,108,218,43,1,151,74,152,173,4,90,254,130,99,60,37,111,195,139,98,176,26,81,214,199,114,198,69,85,21,5,95,212,125,196,70,101,229,42,226,218,102,34,236,133,123,44,62,4,176,243,115,209,104,41,220,193,115,194,42,34,112,20,42,169,5,215,89,97,232,41,144,184,109,60,134,236,108,53,33,1,164,237,11,222,108,53,182,205,96,222,52,90,19,24,52,210,104,221,90,96,225,42,153,213,99,60,147,146,106,45,59,0,191,130,125,208,115,77,219,194,117,175,74,82,21,84,101,189,82,248,120,64,208,20,170,139,36,103,208,174,92,68,21,97,193,141,125,210,104,48,172,182,13,161,72,85,21,24,44,160,30,166,58,7,148,85,238,217,99,55,135,246,3,76,93,101,194,140,127,212,110,55,182,189,24,167,72,87,24,5,45,163,25,165,36,2,146,85,234,196,97,60,135,240,3,79,89,98,198,141,98,210,108,55,162,184,21,190,75,94,19,27,41,167,5,165,35,10,148,86,231,196,101,60,139,248,31,73,66,103,195,143,122,219,104,49,168,184,13,163,65,95,17,29,44,189,27,167,37,10,151,80,243,219,99,55,139,247,25,77,86,126,192,135,122,214,106,53,171,187,17,190,74,82,17,31,33,160,25,167,38,31,149,85,238,208,100,62,147,245,29,76,93,99,195,147,122,211,108,52,171,189,24,170,79,75,17,30,43,167,30,161,34,7,136,83,236,223,99,61,142,247,30,74,66,97,200,138,126,211,103,41,168,187,19,162,64,83,18,27,33,189,28,168,38,11,144,94,243,220,96,61,142,247,22,78,89,107,221,142,121,215,108,55,175,182,16,190,77,84,23,26,33,166,28,161,35,31,151,95,234,218,102,58,147,242,25,65,86,100,192,139,122,215,115,48,163,190,25,166,64,75,20,25,43,160,30,168,33,11,150,74,234,219,103,61,134,247,26,73,90,126,195,140,122,218,110,54,162,188,23,190,79,85,17,16,42,161,5,165,38,0,151,87,238,219,102,61,147,241,24,76,88,97,199,138,123,207,106,54,173,187,19,171,72,95,25,5,45,168,27,162,46,7,136,84,233,209,96,59,135,240,26,65,66,106,196,141,119,218,109,41,174,190,18,161,79,80,20,24,46,189,26,161,36,10,148,81,235,216,97,34,139,240,28,76,94,106,198,139,122,207,107,53,169,186,21,160,65,82,20,5,41,169,29,164,35,1,150,86,235,196,98,59,142,246,22,72,94,99,193,147,127,212,108,51,173,190,20,163,84,85,19,29,33,160,26,166,47,0,136,87,232,219,102,57,143,245,29,85,92,100,200,143,123,219,111,48,162,162,25,167,74,94,25,27,52,165,25,162,37,4,147,82,238,222,124,61,143,242,22,73,89,102,193,142,98,215,111,54,175,190,25,165,76,83,12,29,40,162,29,165,36,10,145,81,243,217,104,58,138,245,29,75,94,102,221,141,123,210,105,60,171,190,16,162,84,86,23,26,46,166,25,164,39,31,150,85,235,209,97,61,136,249,28,85,95,101,194,137,121,211,106,55,182,188,23,171,72,82,24,25,45,165,5,167,35,5,151,94,235,196,99,62,141,248,27,72,86,100,196,147,122,211,108,49,174,188,24,167,74,75,20,25,43,162,30,166,39,5,146,74,236,208,102,59,140,243,28,65,89,126,195,140,122,218,110,54,173,183,19,190,74,84,20,16,41,162,30,162,39,31,145,83,236,222,100,54,142,242,23,4,66,49,158,209,61,151,62,107,238,253,28,233,90,23,65,64,106,226,11,189,52,68,203,20,180,155,32,111,220,165,13,85,76,21,148,203,10,134,44,102,255,224,69,243,22,19,83,11,52,179,96,226,87,17,136,68,139,141,40,122,202,178,74,91,66,112,181,218,45,130,51,39,182,172,101,247,11,19,82,70,97,179,5,179,70,82,214,18,253,196,114,67,222,180,74,11,7,51,157,157,98,193,26,107,239,227,3,190,90,41,69,70,118,179,5,229,100,70,193,74,185,137,60,125,218,236,13,63,1,32,146,218,8,138,58,105,254,172,13,176,43,10,79,70,108,249,121,253,119,64,208,15,188,202,45,34,210,161,87,43,11,53,130,130,127,214,115,118,239,236,98,250,13,9,75,90,37,234,84,189,99,67,210,7,179,172,53,125,220,179,18,2,19,126,158,207,3,130,47,56,225,195,110,196,61,90,16,5,84,222,104,213,93,14,149,74,147,167,17,74,241,137,99,68,92,126,176,251,10,222,108,41,201,219,99,175,76,75,109,124,84,172,28,189,82,122,242,91,233,196,29,65,251,253,24,85,59,28,188,130,118,207,28,74,212,205,96,198,69,94,12,101,93,223,20,160,38,31,225,55,226,217,97,34,243,148,18,72,92,126,189,250,115,210,108,41,208,195,113,175,73,83,12,99,85,193,96,215,43,2,145,74,149,165,0,71,249,142,96,45,83,99,199,147,0,172,11,56,171,185,13,213,63,34,116,20,41,169,5,214,69,118,240,91,238,209,124,64,250,151,123,56,44,30,180,130,124,211,115,86,223,218,117,211,58,43,101,20,42,160,5,214,83,103,240,39,157,164,21,51,141,242,3,42,43,6,165,254,12,175,26,78,167,188,18,190,63,34,116,125,89,211,101,212,93,14,150,82,243,187,21,90,243,137,124,45,83,96,196,147,9,166,11,80,202,216,96,222,69,85,22,5,75,212,125,196,70,101,229,42,226,218,103,34,249,143,125,41,60,23,161,130,124,219,115,67,213,220,109,221,55,55,29,27,33,189,106,221,89,96,241,52,154,213,99,62,147,131,110,53,34,111,194,142,98,160,30,73,214,221,100,222,62,90,19,27,52,195,108,197,67,97,234,91,236,219,124,70,254,140,123,68,92,103,196,194,51,207,36,108,244,253,85,224,13,4,84,64,119,255,90,172,109,0,148,84,238,208,102,58,134,246,3,77,94,96,198,135,123,211,109,48,182,186,18,164,76,87,20,27,42,165,5,162,37,6,156,86,233,220,102,58,147,243,29,78,88,106,193,147,125,219,105,52,169,182,23,160,65,75,19,27,47,168,26,167,58,1,145,84,239,217,104,56,135,249,3,72,89,99,193,139,118,218,102,41,169,182,23,163,75,94,17,29,41,189,28,163,38,1,150,83,237,208,97,34,138,245,28,79,90,106,192,141,118,158,115,102,245,224,82,230,25,9,84,90,37,234,11,229,119,81,200,3,253,196,114,103,209,179,74,11,26,112,221,157,41,193,115,52,180,188,13,176,11,23,69,76,124,179,84,189,123,82,220,52,186,143,35,51,137,236,92,12,12,17,153,202,32,136,44,56,225,243,13,231,8,17,65,69,92,244,90,242,101,14,223,29,177,137,61,107,130,226,72,11,15,54,152,218,32,151,44,39,182,231,79,225,12,6,67,66,37,229,91,228,115,31,205,2,167,213,101,59,194,189,3,22,30,31,144,207,115,152,18,74,204,203,28,162,84,43,111,104,92,218,20,160,58,127,235,39,155,166,25,66,130,242,3,56,42,22,204,140,98,176,10,71,167,186,13,223,45,43,29,28,52,213,96,199,43,5,136,43,144,172,109,57,147,149,97,52,83,106,221,252,1,173,28,68,206,179,24,190,52,34,110,20,41,161,5,212,71,14,149,87,243,164,4,51,142,242,3,53,43,111,192,140,98,169,18,85,167,191,21,190,50,42,112,96,94,172,24,164,58,121,233,54,150,174,30,65,235,253,30,79,66,28,190,235,115,210,104,41,221,201,100,198,69,86,24,5,95,194,108,197,43,2,157,74,145,173,7,90,254,130,99,60,83,96,193,147,29,166,11,81,219,204,109,215,69,85,17,5,95,212,125,197,87,113,232,35,226,218,98,34,236,133,123,45,47,16,189,250,5,222,109,54,182,201,100,198,44,38,98,101,93,218,20,163,34,31,247,35,139,164,25,93,235,253,29,76,66,21,180,235,27,179,9,68,214,179,19,164,84,52,101,125,77,193,127,208,90,14,150,81,243,174,31,92,239,146,106,41,83,96,201,147,8,172,13,73,213,193,113,175,74,94,12,106,84,222,122,196,68,118,153,85,239,196,19,79,243,140,18,74,95,126,178,254,2,175,12,64,214,200,28,161,74,75,114,108,76,196,123,223,43,0,151,74,151,169,28,90,130,242,26,76,19,47,221,196,39,141,44,113,232,251,66,230,17,8,78,90,37,234,26,161,36,2,150,86,230,222,96,34,139,240,29,78,95,107,195,140,125,207,106,55,170,191,20,171,74,84,19,5,42,164,31,189,36,5,156,82,233,208,98,59,140,236,28,73,92,97,201,140,127,211,105,41,174,189,223,150,78,84,22,17,52,164,27,161,34,11,147,87,232,217,124,56,136,240,24,75,66,99,194,141,118,213,107,41,171,183,25,164,77,81,12,26,33,162,29,166,36,31,144,83,230,218,102,58,147,245,29,76,94,103,199,147,123,209,111,49,162,185,21,160,78,75,18,31,43,167,17,161,58,0,150,95,235,223,98,34,140,243,22,77,89,100,197,135,98,210,103,49,175,187,17,166,72,81,12,27,45,160,31,168,39,3,150,87,243,217,105,57,137,243,29,85,90,100,193,143,125,209,115,49,170,189,17,166,64,86,25,28,52,169,28,162,36,7,156,74,235,216,99,58,139,242,22,77,89,126,197,143,125,208,110,52,172,188,17,190,79,95,23,30,41,163,5,165,38,0,151,81,232,217,101,57,147,245,31,65,91,106,196,143,121,207,110,50,169,184,22,162,76,81,12,24,41,166,16,161,39,0,150,87,243,219,104,56,141,247,31,75,95,103,221,141,125,215,102,52,169,185,22,162,84,85,19,29,33,160,26,166,35,11,136,83,234,219,102,58,135,241,29,65,19,126,146,208,32,144,43,100,244,250,82,175,3,69,84,72,107,250,11,189,52,68,197,15,171,202,124,44,214,176,78,16,28,33,211,147,108,132,125,41,184,220,78,230,25,19,73,70,118,179,5,179,101,67,193,3,187,202,124,61,137,240,82,85,3,51,137,237,43,132,44,56,171,186,13,225,13,5,99,65,109,255,66,226,43,72,217,74,170,152,38,111,211,132,74,10,13,33,204,196,53,141,62,104,255,179,3,245,10,6,68,64,125,255,93,226,52,31,205,8,172,156,49,109,212,253,91,11,27,55,221,214,42,155,98,48,175,243,92,190,23,23,109,72,104,172,82,220,89,101,225,91,239,196,28,65,254,132,100,68,95,126,189,240,15,167,17,76,214,179,19,190,57,35,100,20,43,189,122,196,84,14,144,74,146,189,28,51,138,236,107,48,56,111,199,147,3,172,27,56,173,162,116,220,53,90,24,5,91,222,103,210,87,103,153,95,243,164,21,64,130,241,31,85,43,3,204,142,127,207,19,81,167,191,19,190,52,34,29,24,43,189,99,220,70,14,149,82,243,162,29,94,246,134,18,72,91,126,187,242,30,170,25,75,213,218,28,163,78,75,110,102,76,172,24,166,58,116,227,35,139,213,97,54,147,135,124,60,58,111,192,134,98,173,26,82,206,207,99,222,61,90,18,25,52,194,108,197,66,114,230,42,154,213,98,63,147,135,106,45,58,19,179,243,11,222,109,55,182,221,100,198,44,38,98,101,93,218,20,163,37,31,227,35,139,188,17,76,243,133,100,68,92,102,221,236,11,183,19,76,201,218,28,160,77,75,103,108,76,196,121,199,87,127,153,84,233,196,3,75,235,149,127,47,47,30,204,141,121,207,25,74,200,222,115,215,40,90,18,17,52,215,102,195,90,124,235,54,226,218,105,34,252,140,96,42,59,0,180,130,125,211,115,70,219,194,109,175,75,86,12,106,89,221,101,194,83,127,226,91,236,218,124,92,250,148,122,43,32,111,194,140,98,171,30,73,206,179,19,167,77,26,93,5,99,248,71,226,98,65,209,5,171,129,63,96,204,253,84,74,94,96,195,138,124,211,108,55,182,186,17,160,64,82,16,17,41,166,5,160,33,3,151,95,236,222,98,34,138,242,31,75,87,98,196,137,127,207,110,54,171,182,21,162,84,85,22,27,46,164,31,189,37,1,147,95,236,222,124,60,138,242,31,72,86,100,201,134,98,210,104,52,170,186,25,171,65,75,19,17,46,160,26,168,39,7,149,74,237,222,98,56,138,246,3,74,94,96,197,139,118,213,107,48,182,186,17,161,72,83,24,24,33,169,5,165,38,1,157,94,237,220,96,57,147,243,23,79,95,97,200,137,123,208,115,55,172,188,23,167,78,75,19,25,42,165,29,169,32,7,156,74,235,216,99,62,139,248,30,64,93,126,192,136,124,208,106,60,173,185,13,163,79,84,16,24,45,160,26,189,39,4,151,80,232,216,100,55,147,245,29,73,90,106,198,137,118,210,115,54,168,183,19,163,78,75,19,17,46,160,29,161,32,4,147,74,236,218,104,63,134,242,3,74,87,97,195,142,120,207,108,61,172,188,17,164,76,80,16,5,43,161,27,165,34,11,146,82,239,196,100,62,140,240,27,65,95,107,194,147,127,212,109,54,175,183,25,162,84,82,18,25,44,169,30,160,32,10,136,85,237,209,98,63,137,236,27,79,94,98,194,141,98,215,108,51,173,189,16,171,72,83,12,26,32,167,26,162,33,1,156,94,243,220,102,62,143,243,29,85,95,101,194,143,127,214,110,50,182,189,25,164,75,84,24,26,41,163,5,165,32,3,148,85,237,196,101,60,139,248,31,73,66,97,201,137,125,208,104,48,174,186,13,166,75,153,37,31,42,165,5,164,36,6,145,80,231,196,97,57,140,246,24,73,91,103,221,138,124,211,106,48,168,183,23,163,84,82,18,29,32,161,25,189,35,6,144,87,232,218,102,57,141,236,26,76,93,100,197,135,127,209,103,120,182,237,78,252,11,19,65,71,108,226,20,234,52,122,202,21,171,137,62,109,218,226,3,91,0,55,134,157,98,193,10,76,201,250,83,253,19,2,2,5,41,191,28,189,52,103,204,15,188,131,62,107,204,179,13,85,76,23,159,202,35,193,115,39,219,254,81,254,1,52,84,91,119,250,76,220,121,87,193,68,243,202,18,97,205,164,74,11,76,126,211,252,33,143,48,119,169,172,13,163,84,69,99,70,116,254,91,179,58,17,244,7,173,141,62,122,157,236,13,44,39,21,131,222,42,138,58,107,238,172,13,162,84,69,114,70,108,240,93,248,121,93,134,74,238,198,98,115,147,173,78,1,60,55,150,204,115,210,111,41,233,251,67,209,16,18,78,66,107,172,82,236,58,70,212,16,190,132,20,107,204,163,92,68,21,41,159,222,35,134,98,39,213,205,100,211,54,56,103,123,89,213,11,189,127,93,215,18,190,139,59,51,203,178,90,28,66,59,149,199,115,214,103,120,182,245,79,243,21,2,29,11,106,244,78,248,101,71,193,20,152,154,49,106,157,236,70,23,29,38,144,220,37,222,43,119,239,235,13,251,28,31,29,28,46,236,84,189,121,67,233,7,175,213,43,67,240,150,106,68,94,126,189,240,15,167,20,56,171,162,109,221,57,35,110,96,84,172,27,189,87,119,224,91,236,196,3,91,253,253,27,85,35,7,189,130,123,207,27,76,204,179,23,190,53,40,100,20,47,189,124,223,91,14,156,74,156,167,30,77,254,148,18,64,66,30,180,241,115,210,111,41,223,223,28,163,73,75,108,125,37,160,27,189,90,118,153,87,236,196,26,67,239,253,30,77,66,24,188,239,7,165,98,52,175,162,107,223,40,46,102,103,87,197,20,160,32,31,234,41,139,213,97,57,147,135,104,60,58,111,192,135,98,164,12,64,206,179,16,171,84,41,101,126,76,208,107,221,83,14,150,86,243,187,21,90,235,129,109,53,43,111,195,142,98,164,26,81,206,207,99,222,61,90,18,27,52,194,108,197,66,114,230,42,154,163,109,60,140,236,104,60,58,6,176,253,2,166,20,56,168,186,13,193,61,51,108,96,75,197,20,163,35,31,227,35,139,189,0,88,254,140,18,75,88,126,162,250,26,182,15,83,219,194,28,160,79,75,102,102,74,193,123,212,70,14,150,94,243,174,31,92,243,143,96,41,83,96,200,147,13,175,16,86,207,220,100,175,75,87,12,106,89,221,101,172,37,2,136,37,158,164,28,93,250,140,105,68,93,96,221,237,11,183,10,87,212,179,18,161,84,47,97,101,76,172,27,164,35,78,217,74,164,129,62,125,203,178,90,26,26,59,158,209,61,222,36,54,170,188,19,167,74,87,19,27,52,165,25,163,46,6,148,94,238,223,124,63,136,240,28,64,93,100,195,147,123,209,111,55,163,190,20,164,73,75,17,26,41,169,29,161,58,1,146,84,233,221,102,34,140,240,29,77,90,106,199,139,125,207,107,53,169,190,21,170,73,94,22,5,41,166,27,162,35,10,147,85,243,217,103,61,143,241,26,72,94,126,192,136,125,213,104,53,174,185,13,167,74,87,20,17,47,167,17,160,58,0,150,95,237,217,102,34,140,248,25,72,90,98,192,137,123,207,108,55,162,191,24,160,84,86,23,24,47,161,29,165,39,31,151,94,233,218,96,56,141,241,27,85,93,96,201,142,119,209,115,54,170,188,20,163,76,86,24,30,52,165,25,162,39,2,151,95,231,221,124,63,136,243,31,72,91,98,200,147,127,212,108,51,173,190,20,160,84,86,23,29,43,163,28,169,39,31,147,84,239,208,105,56,147,245,29,73,91,103,194,139,121,208,115,54,163,187,17,162,64,75,19,17,46,163,25,167,47,11,150,74,236,209,99,57,141,248,3,74,94,96,196,136,119,212,109,54,182,186,17,161,73,80,25,30,47,166,5,160,33,0,146,81,239,221,100,34,142,247,27,64,86,99,195,136,98,210,108,49,162,185,20,171,72,83,12,24,47,165,16,169,39,2,147,74,232,208,102,56,135,248,3,75,91,96,197,136,121,215,107,52,182,191,22,167,78,84,22,31,44,189,28,163,38,5,149,95,239,216,105,34,139,246,31,65,94,98,221,140,118,213,109,50,169,187,21,161,84,83,21,16,42,167,29,189,34,0,146,81,236,217,105,62,139,236,28,65,88,97,194,134,125,208,105,41,169,190,19,167,79,94,23,24,42,189,29,161,37,2,147,95,232,223,103,34,142,247,28,79,89,98,196,134,98,213,106,48,162,185,19,190,77,85,16,31,41,169,29,168,33,31,144,80,239,208,96,62,147,243,31,75,89,99,193,135,126,215,115,49,170,189,18,163,73,84,22,24,52,160,30,165,47,11,149,87,232,196,97,57,138,246,28,79,88,107,221,138,124,211,104,49,163,187,23,171,84,82,25,27,43,169,29,189,37,11,146,85,235,216,99,56,142,236,27,74,88,101,200,136,120,218,105,41,172,187,20,170,79,85,12,24,47,165,16,169,39,0,145,74,234,218,96,56,135,244,31,74,93,126,199,138,123,219,104,55,182,187,20,166,75,87,19,30,44,165,5,164,35,0,146,82,231,217,98,54,194,236,76,22,0,33,133,222,32,151,44,56,225,172,104,252,11,19,65,71,123,244,11,189,52,93,193,17,253,196,114,72,205,161,66,28,76,126,211,252,33,143,48,119,169,172,13,176,30,21,79,68,74,214,107,179,58,3,136,80,239,196,97,62,143,236,13,59,15,49,154,216,60,140,42,107,254,205,78,254,23,21,19,11,52,161,7,165,35,31,134,36,190,139,59,105,205,175,90,23,10,6,131,222,32,144,47,100,232,235,79,241,1,69,12,11,77,213,64,252,36,17,136,87,239,196,114,94,208,179,70,13,7,61,159,157,98,210,115,55,170,162,18,166,84,69,115,64,98,244,11,189,52,99,197,20,186,134,36,44,147,226,122,48,45,61,131,209,43,145,125,41,184,219,101,251,21,69,12,17,52,179,106,254,100,93,193,20,141,137,52,103,202,179,13,85,95,124,195,194,98,142,62,125,200,235,70,225,69,86,19,5,107,228,75,210,126,70,202,13,172,213,43,115,147,181,95,15,15,62,181,218,61,128,44,56,225,245,79,243,21,2,29,11,94,227,72,252,115,17,136,15,177,155,36,111,220,171,18,13,28,39,148,147,39,135,39,56,169,184,92,190,3,9,65,68,125,172,11,252,119,88,193,33,173,137,52,93,203,178,64,18,11,112,221,214,32,144,43,100,249,229,28,230,10,18,69,5,113,245,81,172,32,5,217,27,243,135,32,67,222,176,18,2,35,29,167,250,115,211,115,73,213,207,101,217,69,86,12,101,87,208,109,223,95,127,153,84,243,169,20,74,130,243,3,42,59,16,204,139,98,174,10,73,167,187,13,214,49,49,29,31,52,220,102,213,43,4,136,51,145,165,109,54,147,131,96,55,45,19,165,130,119,207,19,64,212,179,16,162,84,34,113,20,41,160,5,221,66,14,149,84,243,164,21,51,142,243,3,51,35,2,204,142,122,207,21,72,202,199,103,175,73,82,12,99,85,193,96,215,88,124,240,91,238,222,124,64,240,148,18,72,89,126,182,248,11,183,98,52,162,162,102,193,61,51,29,24,33,189,103,212,65,103,229,36,147,173,109,60,143,236,124,60,58,6,176,253,2,166,98,55,171,162,102,215,44,51,97,107,84,212,20,163,36,31,247,35,139,188,17,76,243,133,100,68,92,97,221,248,11,183,11,68,216,194,100,217,69,85,20,5,75,212,125,221,95,96,240,91,237,221,124,73,250,148,122,41,56,19,189,130,124,213,115,86,223,218,116,194,46,38,108,20,42,166,5,215,89,97,244,52,154,184,109,60,135,236,105,54,60,30,190,240,30,222,109,60,182,205,109,221,43,50,114,108,37,162,25,189,85,114,232,42,226,219,97,34,252,129,99,53,61,23,189,249,115,208,109,41,200,203,117,199,42,41,29,26,43,189,97,208,90,103,153,84,234,221,45,115,147,187,70,23,29,38,131,202,45,151,54,106,244,253,28,233,75,87,18,28,47,168,30,160,36,31,144,86,236,217,103,55,136,247,24,85,95,101,194,137,121,211,107,55,182,187,19,162,78,86,24,27,44,160,5,165,32,3,156,86,239,196,101,55,142,246,30,79,66,99,198,139,125,209,106,50,163,162,18,170,78,83,22,31,32,163,31,189,35,10,149,80,238,222,124,61,143,242,24,78,88,97,195,138,98,215,111,54,169,185,22,163,77,84,12,24,47,164,31,162,32,6,144,74,231,221,98,58,135,240,3,72,89,100,200,139,121,209,105,41,163,182,18,170,72,95,12,28,42,161,17,160,35,5,149,81,243,222,101,54,142,247,25,85,93,106,199,139,120,212,106,60,174,162,23,167,79,86,21,27,52,162,25,163,46,7,149,94,233,217,124,58,143,243,27,77,92,107,197,138,98,210,104,51,168,183,16,171,72,75,25,24,32,164,27,169,58,2,147,81,233,216,98,56,141,236,30,73,90,107,201,138,120,207,106,55,170,182,25,163,73,82,19,5,47,163,26,168,32,11,136,85,231,222,101,61,140,243,23,78,66,101,195,141,120,219,103,41,169,190,19,171,72,80,20,25,41,189,29,161,37,6,148,94,232,220,102,34,139,240,28,77,90,96,200,138,123,207,108,61,172,187,24,171,76,84,22,5,47,163,27,167,46,11,136,81,231,223,105,56,135,236,29,76,92,102,198,136,122,215,110,41,171,185,20,164,75,81,22,25,52,162,17,167,32,3,148,84,239,220,124,57,141,242,25,65,86,126,194,143,124,218,111,50,174,190,23,190,76,87,19,28,40,169,30,162,33,31,149,81,233,209,100,57,141,243,3,72,89,101,199,143,124,214,102,41,171,185,25,160,77,80,25,28,52,164,27,161,47,7,146,82,236,219,124,57,135,249,24,79,94,126,194,135,120,213,111,53,173,191,23,190,79,95,24,27,42,165,5,162,38,1,157,81,237,209,99,57,147,244,31,74,91,101,197,138,122,215,115,49,170,189,20,162,64,80,21,26,52,162,17,111,18,5,145,86,230,196,103,54,135,242,29,77,66,106,196,141,124,209,107,41,169,182,23,164,78,80,16,27,41,189,30,169,46,1,150,82,243,208,101,63,134,246,23,85,93,106,199,137,120,212,109,50,173,162,22,170,64,85,18,29,52,164,28,165,34,0,144,94,238,222,124,59,138,243,25,77,86,99,195,135,51,207,60,106,244,253,85,243,22,19,83,20,99,179,96,255,101,71,197,8,188,141,114,34,157,174,74,14,76,126,211,235,43,155,43,73,251,236,68,254,90,75,17,5,58,211,72,242,125,84,214,9,170,134,52,90,205,161,65,10,30,51,131,218,32,128,38,39,182,172,116,214,17,10,18,11,52,161,5,179,70,92,215,15,171,129,63,96,157,236,13,42,7,40,148,157,98,193,26,107,239,227,3,190,90,33,79,71,108,179,5,179,81,92,208,14,190,133,18,98,222,163,68,91,66,99,195,147,108,183,58,125,238,221,72,232,29,69,12,11,91,254,69,254,100,0,134,74,253,188,53,118,203,131,64,21,1,32,194,157,98,193,11,96,226,250,121,211,20,14,71,71,117,244,71,229,52,31,134,42,186,142,36,44,147,226,123,28,22,38,211,147,108,179,62,119,255,224,85,176,5,75,77,72,96,195,76,246,101,14,149,81,243,155,37,108,252,168,90,23,5,33,204,196,51,207,42,117,236,239,77,214,29,20,67,90,37,234,84,189,121,67,233,7,175,213,43,67,240,150,106,68,94,126,189,240,15,167,20,56,171,162,109,221,57,35,110,96,84,172,27,189,87,119,224,91,236,196,3,91,253,253,27,85,35,7,189,130,123,207,27,76,204,179,23,190,53,40,100,20,47,189,124,223,91,14,156,74,156,167,30,77,254,148,18,64,66,30,180,241,115,210,111,41,223,223,28,163,73,75,108,125,37,160,27,189,90,118,153,87,236,196,26,67,239,253,30,77,66,24,188,239,7,165,98,52,175,162,107,223,40,46,102,103,87,197,20,160,32,31,234,41,139,213,97,57,147,135,104,60,58,111,192,135,98,164,12,64,206,179,16,171,84,41,101,126,76,208,107,221,83,14,150,86,243,187,21,90,235,129,109,53,43,111,195,142,98,164,26,81,206,207,99,222,61,90,18,27,52,194,108,197,66,114,230,42,154,163,109,60,140,236,104,60,58,6,176,253,2,166,20,56,168,186,13,193,61,51,108,96,75,197,20,163,35,31,227,35,139,189,0,88,254,140,18,75,88,126,162,250,26,182,15,83,219,194,28,160,79,75,102,102,74,193,123,212,70,14,150,94,243,174,31,92,243,143,96,41,83,96,200,147,13,175,16,86,207,220,100,175,75,87,12,106,89,221,101,172,37,2,136,37,158,164,28,93,250,140,105,68,93,96,221,237,11,183,10,87,212,179,18,161,84,47,97,101,76,172,27,164,35,78,217,74,164,129,62,125,203,178,90,26,26,59,158,209,61,222,36,54,170,188,18,163,79,82,22,17,52,165,25,163,47,2,146,80,239,209,124,63,136,241,31,77,86,107,201,147,123,209,111,54,175,184,17,171,79,75,17,16,47,167,26,163,58,0,150,94,235,220,104,34,140,240,29,76,95,102,192,136,119,207,107,53,169,191,16,161,65,95,24,5,41,166,26,161,39,6,148,95,243,217,103,61,137,247,31,77,88,126,192,136,122,208,109,48,162,189,13,167,74,87,21,28,43,163,24,166,58,0,157,83,239,216,104,34,140,248,25,75,94,103,198,143,124,207,108,60,169,183,25,166,84,86,23,27,43,164,16,166,33,31,151,94,233,218,103,63,136,245,30,85,93,107,194,134,118,215,115,54,170,188,20,165,65,80,18,26,52,165,25,162,39,4,157,81,232,223,124,63,136,243,25,78,94,103,195,147,127,212,107,60,162,191,19,167,84,86,19,29,32,166,28,168,38,7,136,87,232,220,105,54,142,241,24,85,89,106,199,134,122,215,115,48,168,190,23,163,65,87,16,16,52,165,31,161,46,3,148,74,236,208,102,60,136,242,24,78,91,126,197,138,119,214,109,53,182,189,17,160,78,83,21,27,45,168,5,165,38,0,150,82,234,221,102,55,147,241,24,77,93,96,196,135,127,207,110,50,174,183,25,163,74,80,12,24,47,164,31,162,32,6,151,74,238,223,102,60,134,242,31,73,66,103,195,143,120,219,107,48,174,187,13,167,74,81,21,16,42,189,26,169,32,0,151,95,239,208,96,34,138,242,26,73,91,100,221,140,126,209,104,52,170,182,17,160,84,83,16,26,43,160,24,162,33,10,136,82,239,219,98,58,138,245,23,65,66,97,201,137,122,211,106,52,168,183,13,167,74,82,16,28,46,189,24,166,37,5,147,86,233,217,124,61,135,246,27,73,91,106,200,136,98,214,109,48,170,187,23,190,75,87,18,30,41,161,30,169,33,31,144,86,236,219,97,63,140,246,27,85,95,101,197,134,118,210,110,50,182,191,22,167,78,84,22,30,41,189,24,166,32,1,157,84,239,208,124,59,141,240,24,77,87,106,195,138,98,214,102,55,169,182,21,190,75,95,22,29,40,167,31,167,35,31,145,95,239,221,105,60,147,243,31,75,89,99,193,135,127,211,115,50,162,184,23,170,64,75,21,27,40,169,24,165,46,7,157,74,233,221,104,63,136,246,3,74,86,100,197,136,124,212,110,49,182,184,20,164,73,85,24,5,41,166,29,168,46,2,144,86,243,219,104,56,138,243,23,78,88,97,221,137,123,213,110,55,162,162,22,160,72,95,25,31,52,162,17,167,35,0,157,86,238,209,124,61,143,242,24,78,88,97,195,143,98,215,111,54,169,185,22,163,77,84,12,24,47,164,31,162,32,4,157,74,231,221,98,57,140,246,3,76,92,98,201,142,123,210,111,48,182,184,20,170,73,80,22,5,43,161,27,168,38,4,144,84,235,196,100,62,140,245,31,65,89,97,198,147,127,212,105,60,174,185,19,167,84,86,23,30,46,161,27,169,47,31,145,84,239,209,100,56,142,247,24,85,89,106,200,136,120,211,115,54,162,184,20,166,72,87,20,29,52,165,26,167,47,10,144,86,235,208,124,54,138,242,24,74,88,126,192,136,120,218,107,50,169,188,13,167,74,87,24,17,40,167,29,160,58,11,145,84,232,219,102,34,138,245,27,76,94,98,194,138,124,207,106,48,169,184,21,170,73,85,24,84,52,242,70,255,101,71,197,8,171,155,109,117,157,137,65,10,26,51,159,220,43,193,115,39,244,235,86,176,84,69,116,76,96,229,107,254,110,17,136,68,156,135,60,97,205,243,13,85,76,52,131,208,35,177,24,71,184,162,17,190,76,87,12,17,40,189,11,211,119,80,207,1,173,135,37,96,219,131,64,21,1,32,194,157,98,211,113,49,182,172,99,243,27,12,71,91,119,228,71,245,66,65,197,8,172,152,49,124,218,174,76,0,76,126,211,234,10,138,50,55,184,162,16,190,77,85,12,11,72,254,90,248,98,90,203,8,253,196,100,58,147,241,23,85,76,1,152,197,43,193,115,39,223,224,84,255,90,75,2,111,119,255,93,179,58,17,227,9,171,128,49,99,253,172,78,26,5,112,221,142,127,207,125,81,255,246,85,193,17,29,69,11,52,163,25,161,58,1,145,83,243,202,4,107,199,180,108,22,2,61,131,140,108,207,125,113,245,253,85,224,17,9,71,11,52,179,125,244,110,71,134,74,171,154,37,107,147,226,108,21,11,51,131,235,43,155,43,74,244,200,78,241,13,20,2,5,58,193,72,227,115,93,208,68,243,202,5,71,252,175,93,23,11,32,211,147,108,182,27,108,247,172,13,167,84,69,99,70,106,255,76,227,68,82,192,15,170,155,114,115,147,173,78,1,60,55,150,204,115,210,105,41,233,251,67,209,16,18,78,66,107,172,82,236,58,70,212,16,190,132,20,107,204,163,92,68,21,41,159,222,35,134,98,39,247,239,74,247,63,21,65,77,75,229,91,254,125,86,134,74,182,134,35,122,222,163,68,68,26,32,132,218,98,138,59,125,167,184,23,239,5,75,79,89,85,240,89,172,109,126,235,48,154,213,96,34,243,143,110,61,37,111,192,147,2,172,30,65,212,199,109,175,74,75,97,109,92,172,26,189,69,102,230,91,235,196,29,91,243,253,26,85,42,27,167,130,120,207,18,74,222,179,22,190,45,41,109,20,32,189,106,222,88,112,229,50,226,209,124,66,250,142,18,72,94,126,180,238,115,210,110,41,214,218,28,163,74,75,108,108,37,160,26,189,92,126,244,91,238,220,124,68,242,144,102,63,83,99,196,147,4,174,15,76,220,192,110,198,69,86,22,5,86,222,125,172,39,4,136,33,152,173,4,51,142,248,3,62,61,23,165,130,127,218,115,75,223,217,117,211,58,43,101,20,42,161,5,194,83,103,240,39,157,164,21,51,141,241,3,62,43,6,165,254,12,175,26,56,168,188,13,193,61,51,116,104,90,221,108,218,43,1,151,74,152,173,4,90,254,130,99,60,37,111,195,139,98,176,26,81,214,199,114,198,69,85,21,5,95,212,125,196,70,101,229,42,226,218,102,34,236,133,123,44,62,4,176,243,115,209,104,41,220,193,115,194,42,34,112,20,42,169,5,215,89,97,232,41,144,184,109,60,134,236,108,53,33,1,164,237,11,222,108,53,182,205,96,222,52,90,19,24,52,210,104,221,90,96,225,42,153,213,99,60,147,146,106,45,59,0,191,130,125,208,115,77,219,194,117,175,74,82,21,84,101,189,82,248,120,64,208,20,170,139,36,103,208,174,92,68,21,97,193,141,123,210,107,52,173,184,13,166,72,84,17,24,43,168,17,164,58,2,147,85,239,217,101,62,137,236,26,75,94,103,196,141,121,211,106,41,169,183,20,162,72,95,12,28,42,164,17,163,34,31,151,86,237,223,97,62,136,248,24,85,90,98,194,140,127,210,108,51,174,162,16,165,76,94,24,24,41,166,5,160,33,6,146,85,233,221,100,34,142,247,25,75,87,99,200,142,98,214,109,53,173,186,24,170,74,82,12,28,33,163,26,169,34,31,151,94,233,220,96,60,140,241,28,85,91,107,192,140,120,211,115,52,173,186,18,160,77,95,21,5,43,169,31,165,32,11,151,80,237,196,101,55,142,243,25,73,66,97,193,141,121,212,105,54,169,191,13,166,72,84,19,30,47,160,28,162,58,2,147,83,233,219,102,59,140,236,30,78,88,96,200,142,119,213,115,52,173,184,24,166,79,85,21,5,33,169,26,163,47,5,136,83,237,216,104,63,138,246,30,78,66,100,196,135,127,212,105,41,169,182,23,166,78,94,17,26,40,189,31,164,32,11,157,80,243,219,96,60,135,244,30,65,88,101,221,139,126,208,107,49,168,183,21,167,84,86,23,31,42,168,24,168,46,31,149,81,232,222,96,60,136,241,3,72,93,103,192,140,119,211,104,55,182,191,22,165,78,87,18,31,41,189,24,166,46,1,145,94,239,220,124,59,141,240,23,65,95,99,196,140,98,212,109,54,163,184,25,190,75,95,22,28,43,164,29,162,35,31,147,84,237,220,99,60,147,241,24,76,88,97,199,138,125,207,108,61,172,184,17,163,74,85,24,5,47,163,27,165,37,1,136,81,231,222,100,61,141,236,28,65,88,100,193,142,122,219,107,41,169,190,19,170,76,86,24,28,46,189,29,161,37,7,144,84,230,220,101,34,142,247,25,75,87,96,193,140,98,218,110,60,170,186,17,190,77,85,16,17,32,161,31,165,39,31,147,84,236,209,102,54,147,243,31,75,87,101,195,134,122,219,115,49,170,189,20,165,76,82,18,16,52,160,30,166,32,3,150,80,238,196,97,57,135,242,26,65,95,97,221,138,124,210,111,52,171,185,16,161,84,95,222,45,45,163,5,162,46,5,146,86,237,221,96,55,147,243,31,75,87,101,195,134,124,219,115,49,170,189,20,165,76,82,18,16,52,160,30,166,32,3,150,83,231,196,101,60,142,240,30,72,90,103,198,147,118,29,91,48,168,162,24,170,78,84,22,17,52,162,25,162,39,5,157,83,236,209,124,58,143,243,24,78,95,107,193,135,98,210,104,60,175,184,25,164,65,75,17,17,40,163,27,165,36,0,136,87,231,216,104,57,134,246,31,85,91,96,192,141,126,219,106,50,173,162,16,162,77,85,25,27,32,189,26,169,32,11,146,87,239,223,98,34,142,240,26,72,87,98,197,147,125,211,108,55,169,187,17,170,75,75,20,25,43,169,26,166,32,10,147,74,238,220,100,60,140,240,27,85,95,103,193,135,126,218,105,41,172,182,21,160,77,85,19,16,52,160,29,165,36,11,149,80,243,217,101,62,135,240,22,79,66,100,201,139,119,211,104,50,175,162,16,162,73,94,17,26,46,163,24,189,39,11,148,94,232,209,100,63,147,241,23,72,91,97,197,135,120,207,110,61,168,191,24,162,73,84,12,28,42,160,27,166,34,0,146,95,243,217,97,63,135,247,29,73,66,97,201,137,119,209,103,51,175,185,13,163,73,86,23,29,44,161,5,160,33,10,145,80,231,222,105,34,140,248,25,64,87,102,197,138,126,207,110,52,171,185,21,166,72,75,17,24,32,160,24,169,34,31,151,94,233,209,105,58,136,240,25,85,93,98,194,141,125,214,111,50,168,162,21,162,75,95,19,30,46,168,30,189,39,11,148,84,237,220,97,55,147,241,28,72,90,98,197,135,98,214,109,52,168,185,18,170,77,80,12,24,41,160,17,166,36,3,136,85,239,219,99,56,137,241,25,77,66,102,193,140,119,213,102,55,162,191,13,163,64,86,21,26,44,166,30,189,39,11,150,87,230,216,98,55,147,245,29,72,90,98,197,134,124,218,115,52,168,187,17,161,72,83,12,26,32,167,16,168,35,4,151,87,243,219,96,61,140,246,25,72,90,102,221,139,126,208,102,51,163,188,25,163,84,86,24,24,45,162,29,166,34,31,145,84,238,220,96,58,137,247,28,85,95,96,196,143,125,211,107,41,171,189,25,163,73,85,16,5,43,161,26,164,32,1,147,83,234,196,100,62,139,241,25,79,88,103,198,147,127,219,108,48,170,190,24,166,84,86,24,29,41,164,31,162,38,31,149,94,235,208,97,63,137,246,3,76,92,99,199,143,127,212,102,54,182,191,21,166,79,81,24,25,52,162,17,166,36,6,144,84,230,220,124,63,139,244,25,79,91,100,221,140,126,208,105,55,162,188,24,171,84,83,16,29,42,162,27,165,34,10,136,87,231,220,97,59,137,242,30,85,95,106,197,135,127,210,104,50,182,191,25,167,76,81,22,16,43,189,24,169,32,2,150,84,235,209,124,59,141,241,25,79,89,103,201,138,98,210,106,52,169,186,22,160,84,84,24,30,43,163,24,169,33,10,136,87,234,217,98,63,134,242,3,74,94,97,199,134,125,219,108,48,182,186,17,166,74,94,24,27,44,160,5,160,47,3,149,86,234,222,124,63,134,246,25,65,90,106,221,137,118,219,103,48,173,183,17,190,73,94,16,24,45,167,17,189,39,10,146,80,231,220,104,34,137,248,22,76,95,97,195,137,98,210,111,55,169,185,21,163,79,85,12,24,32,167,24,163,36,6,148,74,238,219,101,55,134,244,28,79,86,126,192,135,120,210,109,55,175,191,13,163,64,80,20,26,43,163,27,189,39,0,146,87,237,221,105,59,141,236,26,75,95,101,194,140,127,209,110,41,171,187,22,171,74,81,20,5,43,169,30,162,46,5,146,82,231,196,97,59,136,247,24,75,86,126,192,135,122,210,106,51,174,186,13,161,64,80,20,28,46,163,17,160,58,2,145,81,232,223,98,54,147,241,25,74,87,107,194,137,98,208,103,50,174,187,18,166,78,82,12,26,40,162,31,168,37,11,150,82,243,220,96,58,141,249,23,75,90,99,221,142,118,215,103,52,171,185,16,190,73,80,23,29,43,162,31,189,35,1,149,81,236,218,102,62,134,236,30,76,89,107,195,137,122,207,108,53,169,182,19,166,65,86,22,5,44,161,29,165,36,10,156,84,234,196,97,54,137,241,29,75,92,107,221,142,118,213,104,50,173,182,23,190,77,85,17,17,46,162,31,169,39,31,149,81,238,216,104,58,135,236,28,65,89,102,196,139,122,218,111,41,171,182,21,170,73,86,24,27,52,164,25,164,38,11,145,95,234,218,124,63,134,246,24,79,95,100,221,139,126,215,106,51,171,186,18,171,84,83,16,29,44,168,28,167,34,11,136,83,239,221,98,54,141,245,25,72,66,103,194,135,121,210,108,54,174,187,13,166,75,95,18,26,33,163,26,163,58,7,148,82,233,218,103,60,140,243,3,77,94,102,196,137,127,215,107,53,182,187,17,167,75,83,24,25,33,169,5,164,37,11,147,81,230,217,99,57,147,244,28,65,93,98,197,136,120,219,115,49,170,186,23,171,75,87,18,31,52,165,25,165,32,1,147,84,236,218,124,59,143,245,27,72,93,100,194,138,98,214,108,61,162,186,21,171,74,94,12,27,40,162,29,168,34,7,136,84,238,216,98,62,142,246,3,76,91,103,199,135,126,209,106,51,182,187,20,161,78,83,24,24,42,169,84,189,117,92,202,21,171,137,62,122,204,253,84,91,39,60,130,203,47,141,60,96,184,162,3,252,29,16,2,5,58,215,91,240,123,86,134,74,253,171,63,98,208,178,28,91,66,112,151,205,33,142,13,66,216,172,13,162,84,82,16,5,33,161,5,179,84,82,199,13,184,154,63,123,209,164,108,22,2,61,131,140,108,207,111,43,169,162,3,208,25,4,75,78,106,254,92,255,114,103,214,7,177,155,32,111,205,165,65,26,23,112,221,157,27,167,54,104,168,172,13,170,84,69,112,70,107,248,93,248,121,93,134,74,238,196,97,56,147,226,124,16,20,55,211,147,108,161,48,119,254,235,83,193,17,29,69,121,113,233,76,253,52,31,134,54,190,154,53,96,203,226,3,91,59,27,178,208,60,141,58,119,184,162,3,199,60,14,77,11,52,165,5,179,85,92,214,8,186,154,2,111,219,169,90,10,76,126,195,142,126,207,109,54,170,162,16,166,84,80,12,25,54,164,5,162,58,17,254,47,177,140,53,118,157,236,73,24,2,33,148,147,108,170,49,117,239,250,99,247,31,6,78,11,52,179,106,254,120,93,193,5,171,202,124,44,246,174,95,12,26,17,153,222,32,132,58,97,184,162,3,219,22,23,85,93,93,255,77,244,114,17,217,74,178,137,40,92,218,167,92,68,93,97,221,204,59,129,28,109,239,224,74,225,69,28,91,64,118,226,93,227,99,80,208,15,176,134,35,51,196,243,31,75,95,106,199,139,119,213,115,49,170,188,22,170,77,87,18,28,52,162,16,162,36,2,146,74,235,219,102,57,134,247,27,77,94,126,197,143,125,210,104,60,173,185,25,190,76,87,19,24,41,162,16,169,33,31,146,81,236,223,98,59,138,241,3,77,93,172,245,137,125,213,103,41,174,190,18,162,76,95,17,16,46,189,29,161,36,10,156,84,235,216,99,34,142,240,31,65,88,98,200,140,125,207,110,50,170,189,24,161,78,82,12,24,47,160,25,165,47,3,150,74,234,218,96,60,141,245,26,74,89,126,199,137,126,215,103,41,174,189,23,166,72,83,20,17,40,189,26,161,36,0,156,85,238,217,97,34,139,240,29,64,86,96,197,143,118,207,108,60,169,186,22,160,84,86,23,27,43,164,16,166,37,31,149,81,236,216,97,59,142,240,3,72,89,97,199,136,126,215,106,41,175,188,17,166,74,85,20,25,41,189,27,167,37,7,150,82,243,219,104,56,143,247,27,65,86,102,221,139,125,213,107,50,170,188,22,160,84,84,16,27,44,165,17,167,34,4,136,82,239,219,96,58,135,242,31,73,66,102,196,134,126,211,103,41,171,185,18,164,79,87,21,25,52,160,26,165,33,7,144,85,237,216,124,63,136,243,25,78,94,103,192,147,127,212,107,60,162,191,19,160,84,86,19,29,32,166,28,168,38,7,136,83,237,216,100,54,136,249,28,78,66,97,195,134,124,210,105,41,169,182,23,163,76,86,17,17,33,189,29,162,32,6,151,80,239,222,100,34,139,243,25,79,88,101,194,134,124,207,106,60,170,190,25,162,84,83,19,31,33,163,16,166,47,1,136,82,236,222,105,55,138,240,24,75,66,100,198,136,120,212,111,48,168,162,25,166,76,86,18,31,32,163,5,164,38,4,150,80,233,222,100,34,138,242,31,77,92,99,199,140,125,207,106,48,169,184,21,170,73,85,24,84,52,242,70,255,101,71,197,8,171,155,109,117,157,173,78,13,6,112,221,157,45,143,62,104,234,172,13,176,57,5,83,70,116,228,93,244,70,92,215,15,171,129,63,96,157,236,13,33,76,126,211,254,44,144,48,105,239,250,68,193,17,29,69,11,52,161,5,160,58,17,241,34,182,133,98,44,147,226,65,28,25,112,221,157,29,138,37,96,184,162,22,190,72,73,21,5,58,193,70,226,127,71,205,9,177,202,45,34,210,161,87,43,11,53,130,130,127,208,115,118,239,236,98,250,13,9,75,90,37,234,84,189,99,67,210,7,179,172,53,125,220,179,18,2,21,60,144,210,43,222,125,113,232,239,66,249,90,75,73,71,107,229,72,242,125,14,208,20,170,141,124,103,219,184,18,79,19,126,138,209,47,142,58,56,184,232,72,254,20,69,12,64,118,226,93,240,117,88,153,18,173,157,53,34,214,164,87,68,95,97,140,147,53,141,62,104,255,179,3,249,22,8,66,11,52,248,71,226,98,82,199,13,226,156,34,123,218,236,70,29,22,111,192,134,51,207,36,107,251,227,68,175,90,8,78,106,112,240,71,246,115,17,136,15,177,155,36,111,220,171,18,13,28,39,148,147,39,135,39,56,175,243,13,233,22,6,77,76,37,179,68,248,120,101,197,10,253,196,57,96,204,180,78,26,5,111,133,205,59,134,115,108,254,246,28,161,5,75,91,71,121,252,76,172,52,94,197,30,137,137,60,44,147,169,65,10,26,51,146,212,115,151,45,112,255,162,72,246,0,90,20,84,101,189,70,225,91,82,212,91,164,165,31,88,250,253,31,85,34,29,176,251,5,222,110,41,214,193,96,214,54,46,108,20,42,189,104,213,82,14,151,74,140,189,18,51,139,236,98,44,34,111,196,147,10,170,9,56,172,162,108,221,60,90,23,5,77,223,100,172,46,31,231,41,145,171,17,90,130,249,3,53,43,28,204,142,126,207,26,84,167,191,16,190,52,51,29,24,42,189,101,212,43,2,151,74,149,165,0,51,142,244,3,51,35,2,184,249,115,210,106,41,208,195,113,219,62,41,111,125,37,160,31,189,88,124,240,91,238,223,124,73,248,133,123,68,95,106,221,248,29,166,11,56,171,183,13,220,61,48,116,104,90,221,108,172,36,3,136,53,154,188,4,79,253,140,106,68,92,99,221,248,11,183,11,68,216,194,100,175,74,85,12,122,93,197,125,208,84,127,225,45,226,218,99,34,248,133,123,45,47,16,189,250,5,222,109,49,182,221,100,198,52,46,115,125,37,163,28,189,81,118,240,51,143,190,17,66,130,242,25,85,61,23,165,234,30,181,30,73,167,188,22,190,62,40,114,121,74,212,121,172,36,11,136,32,144,186,28,65,240,144,18,75,87,126,178,243,1,176,10,87,223,179,18,162,84,36,97,101,84,172,26,160,58,112,229,42,147,187,21,66,249,253,28,75,66,0,180,235,27,177,17,56,169,189,13,218,57,43,116,20,42,164,28,236,107,31,223,15,177,155,36,124,202,163,91,16,1,60,130,130,53,209,105,55,171,186,21,190,76,87,18,30,32,164,27,169,38,31,151,86,237,219,97,57,138,246,22,85,90,98,195,134,127,213,105,53,162,162,21,162,74,95,21,25,32,160,17,189,39,11,144,83,235,209,104,55,142,236,29,76,95,100,200,142,126,210,111,41,171,184,25,166,74,80,21,28,52,163,26,165,47,2,151,81,230,219,124,63,137,248,27,75,89,103,199,147,124,214,110,50,175,184,20,167,76,75,18,31,42,160,29,165,58,7,148,84,232,208,101,60,135,240,3,74,94,96,194,142,121,214,105,60,182,186,17,160,65,86,22,31,40,169,5,165,38,1,156,83,239,208,98,63,147,241,23,77,91,102,200,135,119,210,115,55,175,191,23,171,73,87,17,25,52,160,31,169,34,1,147,83,234,196,98,61,139,249,30,74,89,107,194,147,127,213,103,49,168,185,20,164,84,85,22,17,45,162,26,166,32,11,136,87,233,208,100,60,136,245,25,85,90,103,194,143,123,211,108,51,162,162,21,161,78,85,23,26,44,161,17,189,36,5,150,87,235,220,124,58,143,242,23,76,94,106,195,141,98,215,111,55,173,182,20,162,75,86,12,28,42,161,24,164,47,7,156,95,243,218,99,58,134,241,28,78,87,96,221,138,123,208,105,49,162,191,19,170,5,75,67,70,118,226,93,240,120,71,215,91,164,202,5,125,218,178,102,23,30,39,133,235,55,147,58,39,182,172,100,252,13,10,2,5,58,220,70,228,101,86,230,19,171,156,63,96,142,226,3,31,15,62,130,218,98,151,45,112,255,162,3,198,23,18,67,65,58,189,11,193,121,64,205,18,182,135,62,44,147,226,119,91,19,126,156,222,54,177,58,98,233,179,23,190,11,18,66,106,112,228,71,250,101,14,223,27,243,157,32,120,222,172,107,28,29,49,130,130,53,152,49,100,247,235,28,176,28,21,65,78,127,248,71,246,69,95,205,2,186,154,114,34,214,174,92,13,15,49,154,130,58,145,42,96,182,231,69,234,69,85,22,84,52,234,71,240,123,86,153,68,170,152,52,111,203,165,124,21,7,54,148,205,108,207,54,107,233,250,64,241,19,90,84,91,109,244,5,248,114,75,153,84,232,149,45,34,208,176,98,24,30,111,138,242,1,181,26,56,170,162,109,221,57,35,107,20,41,189,101,222,87,119,234,47,147,213,98,34,254,132,107,68,93,126,162,234,12,222,107,41,215,219,109,175,77,75,100,96,78,172,31,189,91,124,224,91,232,196,5,64,242,253,23,85,45,29,191,252,15,183,98,60,182,194,100,220,69,86,16,5,93,192,20,160,39,31,232,50,226,217,98,34,243,133,18,72,93,126,187,242,30,222,110,49,182,196,108,194,49,33,29,24,45,189,99,220,70,122,226,40,144,188,109,63,137,236,97,54,58,111,192,136,98,164,24,64,206,179,16,170,84,32,115,108,76,172,24,168,58,125,225,49,139,169,18,66,250,253,29,73,66,1,180,235,26,162,29,73,223,179,19,163,84,32,101,125,76,208,107,221,83,14,150,84,243,187,21,90,235,129,109,53,43,25,204,141,125,207,24,64,206,218,96,208,52,34,107,20,42,165,5,194,83,103,232,47,140,188,109,60,138,236,104,60,58,7,161,233,15,175,98,55,172,162,114,215,44,50,112,127,89,221,20,163,33,31,226,41,141,184,2,75,239,253,29,65,66,20,190,237,2,172,16,85,167,188,24,190,59,43,111,122,77,195,108,172,37,3,136,37,158,164,28,51,140,241,3,58,47,30,189,236,11,175,25,56,169,188,13,192,61,51,117,123,86,172,26,162,58,123,229,42,139,213,98,59,138,189,82,85,21,59,159,204,58,145,42,102,238,231,78,252,11,90,91,29,43,167,27,166,37,2,145,84,243,218,102,54,138,243,28,78,86,99,221,141,120,209,110,49,174,162,21,162,74,80,24,28,42,169,25,189,37,3,150,85,238,223,101,56,134,236,27,73,92,107,192,137,120,211,103,41,174,190,19,170,77,87,24,24,32,189,24,169,34,6,144,95,231,209,97,34,141,245,30,79,87,99,193,142,126,207,110,51,162,186,19,165,77,82,12,27,43,165,16,160,37,4,157,85,243,217,102,54,139,242,24,76,88,126,195,138,127,212,106,51,175,187,21,190,74,81,18,24,44,165,5,165,38,1,147,94,234,218,104,62,147,243,31,75,93,99,198,138,120,218,115,49,170,188,24,163,78,81,16,17,52,165,25,163,46,6,148,94,237,217,124,63,135,244,26,77,87,106,200,142,98,209,106,52,172,183,16,162,73,87,12,24,46,169,29,163,33,6,145,74,237,219,100,55,142,243,24,64,93,126,192,137,118,215,109,50,175,184,13,160,78,95,21,26,43,166,31,167,58,7,151,80,237,223,99,58,143,248,3,75,88,96,192,139,122,207,107,53,168,182,20,162,64,85,18,5,44,161,27,166,46,6,148,85,238,196,101,60,143,241,26,64,90,106,200,147,124,208,107,60,171,189,22,171,74,75,21,28,43,167,29,169,39,1,156,27,243,139,63,96,204,180,78,23,26,33,204,196,108,182,44,96,232,199,79,226,13,19,116,80,104,244,11,189,52,118,202,19,178,202,124,44,242,175,90,10,11,31,158,201,43,142,58,107,238,172,13,244,25,11,83,76,52,229,91,228,115,31,134,50,176,157,51,102,157,236,13,41,1,33,152,203,39,140,49,39,182,172,121,176,5,75,77,72,96,195,76,246,101,14,146,74,172,157,50,77,215,181,65,18,29,111,138,194,98,150,47,115,251,226,101,247,11,4,83,20,99,234,71,240,123,86,153,68,187,154,49,105,216,169,65,30,61,62,152,219,43,145,125,41,243,224,82,230,25,4,75,20,108,227,92,244,58,90,192,30,226,218,102,115,147,187,65,24,3,55,204,157,59,147,59,100,238,235,114,254,17,3,69,91,58,189,64,255,101,71,197,5,180,213,36,124,202,165,3,16,10,42,204,141,121,158,34,41,245,254,108,243,8,90,91,100,87,199,108,172,38,31,232,41,158,172,27,51,142,236,99,54,47,22,191,246,2,222,109,41,219,202,101,175,75,75,115,124,90,172,29,189,91,102,232,91,234,196,20,71,233,253,25,85,35,29,181,130,121,207,10,75,215,179,25,190,59,40,110,106,89,197,20,168,58,127,225,40,226,217,96,34,250,145,18,72,95,126,189,235,115,210,109,41,214,203,28,163,75,75,106,100,72,172,24,165,58,121,233,54,150,174,109,63,138,236,101,52,62,27,183,241,1,183,98,52,172,162,111,221,44,90,17,30,52,214,110,212,66,14,149,94,243,175,3,75,235,253,30,64,66,28,180,232,26,162,29,73,223,179,19,162,84,52,101,125,76,208,107,221,83,14,150,87,243,175,21,90,235,129,109,53,43,111,195,141,98,176,26,81,206,207,99,222,61,44,29,27,43,189,110,212,66,103,229,36,147,173,27,51,141,244,3,42,43,6,189,246,29,183,98,55,175,162,102,215,44,50,112,127,89,221,20,163,32,31,247,35,139,189,0,88,254,140,18,75,89,126,183,240,28,179,13,64,202,179,19,170,84,33,111,123,84,222,102,193,43,1,157,74,156,164,31,93,234,146,106,68,93,98,221,252,15,175,19,56,169,191,13,209,57,43,108,122,93,221,111,172,37,1,136,52,154,188,5,92,241,253,28,74,66,26,176,243,26,222,109,48,175,243,92,190,3,14,78,90,108,227,92,242,98,90,203,8,172,213,43,60,137,242,30,77,90,126,197,143,124,212,103,48,168,182,17,190,75,87,18,26,41,166,28,167,47,31,144,86,237,209,97,56,137,240,23,85,90,98,195,135,123,211,103,52,162,162,16,170,76,82,20,16,32,168,24,189,36,6,149,80,230,217,96,63,143,236,30,79,86,102,195,136,123,214,115,55,169,186,24,163,75,80,25,26,52,160,31,169,34,1,147,83,233,196,98,59,142,247,26,79,91,103,197,147,124,213,109,52,174,186,13,166,72,85,23,17,45,163,17,161,58,0,148,84,236,217,103,59,137,249,3,77,94,96,200,142,120,213,111,61,182,186,17,160,64,82,16,17,42,160,5,160,46,7,145,82,230,208,105,63,147,242,26,72,88,107,192,143,127,211,115,52,172,182,21,160,79,82,21,5,42,162,29,168,39,0,147,95,236,196,97,56,135,244,29,78,91,100,221,141,120,219,106,54,169,185,23,161,84,86,22,17,44,163,30,164,35,31,144,83,236,216,101,62,140,246,23,85,92,97,197,134,127,208,104,60,168,162,20,167,75,81,20,17,41,163,17,236,58,80,203,8,172,156,49,96,203,179,18,2,76,7,130,218,60,170,49,117,239,250,117,235,8,2,2,5,58,212,71,228,123,17,136,68,146,135,37,125,218,130,90,13,26,61,159,142,108,207,57,100,246,253,68,190,12,21,85,76,52,179,125,254,99,80,204,68,162,196,61,111,199,146,74,30,29,111,199,147,61,150,61,70,242,251,79,249,11,90,91,84,52,228,89,231,119,95,224,3,172,139,35,51,196,187,65,24,3,55,204,157,42,145,62,98,253,231,79,245,43,11,73,77,125,227,11,189,127,93,215,18,190,139,59,51,203,178,90,28,66,59,149,199,115,209,105,120,231,162,78,226,53,6,80,20,99,220,102,199,83,14,148,74,147,167,17,74,244,253,30,85,34,29,176,251,0,170,19,56,168,162,96,214,60,90,19,5,75,196,107,172,34,31,233,51,147,213,101,34,251,137,121,68,88,126,188,240,10,222,104,41,207,192,108,175,64,75,99,102,86,210,104,197,43,10,136,42,154,166,109,63,143,236,106,40,83,99,192,147,2,183,98,52,168,162,109,215,69,86,19,5,82,220,121,172,39,7,136,44,146,184,25,72,130,241,26,85,36,31,161,246,8,173,16,81,167,191,23,190,54,40,116,20,41,166,5,214,81,118,240,91,238,208,124,73,236,133,123,68,95,107,221,241,11,180,11,68,216,194,100,175,74,87,12,122,93,197,125,208,84,127,225,91,237,217,124,73,250,148,123,56,44,30,180,130,124,209,115,86,223,218,117,211,58,43,101,98,37,163,26,189,81,118,240,50,158,170,28,75,244,253,29,77,66,1,180,235,2,170,12,81,167,188,20,190,63,34,116,124,72,199,104,221,43,1,146,74,140,173,4,91,239,150,110,53,83,96,198,147,8,172,13,85,200,203,113,175,74,95,12,111,87,195,101,222,89,99,153,84,230,196,19,66,240,147,122,43,43,111,194,143,98,160,30,73,214,179,18,163,84,36,97,101,84,194,108,221,80,14,151,84,243,186,21,90,234,146,97,68,93,97,221,247,15,175,11,56,168,187,20,239,5,26,12,92,104,231,72,253,82,86,215,5,172,213,43,117,209,161,66,28,83,112,164,204,43,145,22,107,234,251,85,193,29,21,86,64,123,244,11,189,127,93,215,18,190,139,59,51,203,178,90,28,66,59,149,199,115,215,34,120,182,225,81,223,25,23,29,82,85,222,127,212,43,3,136,42,144,169,20,69,130,241,3,53,33,19,181,241,7,175,98,55,182,207,101,214,69,84,12,122,77,211,20,165,58,126,241,42,226,221,124,74,246,150,18,79,66,31,190,251,115,212,115,80,212,195,28,170,84,36,111,103,91,208,125,172,47,31,232,35,145,213,97,62,147,133,126,68,95,99,221,243,26,222,110,55,182,194,100,175,73,84,12,99,85,193,20,160,34,31,238,43,143,161,22,51,142,245,3,51,35,2,184,249,0,172,11,56,171,184,13,220,55,51,29,24,47,189,110,214,83,103,153,87,231,196,23,93,250,148,18,72,87,126,191,250,25,183,30,71,214,203,28,160,72,75,115,108,76,197,104,211,90,118,153,84,238,196,23,75,235,148,110,59,34,23,204,141,124,207,12,64,206,218,96,208,52,34,107,20,42,162,5,214,83,103,240,39,157,164,21,69,130,242,27,85,61,23,165,243,7,176,11,56,168,187,13,213,61,51,117,121,78,208,101,172,36,5,136,53,154,188,5,94,233,129,99,68,92,101,221,249,1,177,15,87,223,222,28,160,64,75,102,102,74,221,102,222,70,14,150,95,243,171,28,65,236,149,125,60,83,97,193,147,13,162,19,73,167,189,16,190,59,38,108,101,75,212,101,215,43,0,150,74,141,173,4,91,237,142,18,74,93,126,185,254,2,183,98,55,175,187,92,239,84,28,73,71,107,229,91,228,117,71,205,9,177,155,109,117,142,246,24,78,89,96,192,137,98,210,105,61,174,188,22,167,75,75,17,31,33,161,17,163,47,3,136,85,236,221,103,58,143,249,29,65,66,97,193,141,120,215,106,55,175,191,13,166,72,84,18,29,45,164,30,163,58,5,145,83,236,222,96,34,138,242,31,79,86,97,198,136,119,207,109,51,174,186,21,170,84,84,19,25,42,165,25,189,37,10,146,86,236,218,124,59,134,240,23,77,86,126,199,138,120,213,107,53,182,185,19,160,76,84,18,5,45,163,25,167,46,7,148,85,235,196,100,56,142,240,26,79,66,103,195,137,118,215,103,41,169,186,16,166,76,85,21,31,52,160,17,165,35,6,149,87,232,223,124,60,138,241,25,64,95,98,192,134,98,208,102,48,170,190,25,190,75,87,18,31,44,164,27,164,37,31,144,86,236,218,100,59,138,247,27,85,88,103,199,142,124,219,115,54,170,188,25,166,73,95,21,16,52,165,25,162,34,7,150,95,234,217,124,54,138,244,31,72,88,126,196,141,126,219,103,53,169,182,20,190,79,85,19,16,46,169,5,164,36,3,146,94,235,216,99,61,147,242,28,77,87,99,194,136,121,209,115,48,170,189,22,162,65,81,25,31,52,164,27,164,38,6,146,74,238,222,104,60,140,242,22,79,94,126,192,136,125,211,110,48,171,188,13,160,78,95,25,16,42,164,28,164,58,0,148,84,234,223,105,57,141,241,3,77,94,97,192,136,119,212,103,51,182,187,24,162,75,84,22,5,45,163,25,167,39,11,150,82,238,196,101,55,142,246,30,79,66,99,198,139,125,209,106,61,173,162,16,165,78,85,25,24,33,164,5,160,37,7,157,82,238,209,101,60,147,244,24,73,93,106,197,137,123,211,115,49,169,185,17,167,65,82,24,29,52,168,17,165,35,4,146,74,238,216,101,63,137,244,23,85,91,96,192,143,121,213,102,60,169,162,24,160,73,84,20,29,52,162,17,167,33,0,149,86,237,218,124,61,143,242,22,78,92,107,194,136,98,215,111,54,175,185,21,167,75,95,12,16,32,162,27,168,32,31,145,84,238,216,97,63,139,245,24,85,90,106,198,142,120,210,103,49,175,162,21,161,78,94,18,17,45,160,27,189,39,4,145,80,236,222,102,63,147,243,23,79,91,107,200,134,122,219,115,54,170,188,22,165,78,84,18,16,52,165,25,162,37,4,147,87,233,218,124,63,136,245,25,74,88,100,195,147,123,209,111,61,171,186,25,166,65,75,17,30,45,167,26,167,35,10,136,94,234,219,103,56,143,236,30,78,88,107,197,136,125,210,115,49,173,190,20,170,73,85,21,17,52,165,26,166,36,6,146,87,230,218,124,63,142,248,30,72,86,102,221,142,124,215,102,53,168,186,13,167,74,86,18,30,43,167,25,160,58,2,149,87,231,223,98,62,147,243,23,79,87,96,198,137,125,208,115,54,170,189,16,164,65,82,20,28,52,165,25,162,33,4,149,95,238,220,124,63,142,247,22,64,94,102,221,138,124,210,109,53,162,190,23,167,84,83,24,30,43,164,17,165,35,0,136,84,236,220,105,63,140,247,27,78,66,103,196,140,120,215,103,52,168,182,92,190,27,8,78,90,108,240,71,229,101,14,223,68,47,119,220,132,159,143,76,28,15,60,209,243,47,132,56,96,232,172,13,162,86,87,23,5,42,189,11,228,98,85,156,68,243,202,51,97,219,165,92,91,66,112,133,222,44,143,58,39,182,172,72,252,11,2,82,93,58,189,11,242,126,82,214,68,243,156,34,123,218,236,13,13,15,33,154,157,98,193,40,100,243,250,3,190,73,75,2,125,125,233,93,179,58,17,134,74,239,198,99,115,147,173,78,1,60,55,150,204,115,209,111,41,233,251,67,209,16,18,78,66,107,172,82,234,127,93,215,18,173,157,51,122,214,175,65,10,83,41,192,137,118,215,109,50,175,188,13,163,78,94,16,17,42,169,16,189,39,10,146,80,239,208,124,63,136,240,28,64,93,100,192,147,122,213,102,60,168,187,25,171,75,75,19,16,43,165,30,163,58,7,151,80,232,219,97,55,143,244,3,76,87,99,192,143,122,207,108,51,163,187,20,171,77,81,17,5,41,164,24,161,32,1,148,84,236,196,100,54,137,247,31,74,94,107,201,147,127,208,110,54,168,182,13,167,77,84,23,30,33,165,28,167,58,6,145,85,233,220,104,63,141,248,82,85,13,61,159,204,58,130,49,113,233,179,90,176,90,75,17,84,52,252,72,233,68,86,195,21,226,217,96,34,204,181,77,58,6,39,159,212,61,222,36,120,182,251,81,228,25,11,100,76,107,242,90,172,109,72,202,7,178,141,109,44,220,168,78,11,29,112,221,214,32,144,43,100,249,229,28,230,10,18,69,5,113,245,81,172,37,78,217,74,176,152,29,111,207,253,84,52,33,4,180,130,126,207,19,74,219,202,106,175,73,75,108,102,89,213,103,216,90,14,150,74,158,172,20,51,140,236,124,44,44,111,197,147,3,182,19,56,175,162,101,219,46,90,22,5,85,222,109,172,33,31,241,40,146,213,104,34,252,143,97,58,47,6,204,134,98,175,26,75,167,191,17,190,61,54,29,24,41,189,101,197,43,2,150,74,147,173,109,63,140,236,101,52,62,111,192,139,98,169,18,85,211,200,28,163,77,75,106,100,72,216,111,223,89,103,153,87,233,196,30,65,235,253,30,78,66,21,182,250,26,222,110,61,182,201,114,215,44,90,17,16,52,223,108,198,66,114,230,42,154,213,98,62,147,147,106,45,58,19,179,243,11,222,109,52,182,201,100,198,44,38,98,101,93,172,27,163,58,96,225,50,139,169,18,66,250,139,18,75,93,126,182,250,26,183,30,71,214,203,106,175,74,83,12,122,93,197,101,216,69,103,153,84,234,196,23,75,235,149,127,47,47,30,204,141,120,207,12,64,206,219,113,196,57,43,29,27,47,189,111,222,68,99,246,35,143,213,98,54,147,134,96,43,34,29,190,239,115,209,102,41,217,194,110,193,45,53,101,20,43,161,5,210,87,127,232,91,236,217,124,77,254,140,99,42,43,30,183,130,125,209,115,87,223,218,116,192,54,90,19,26,52,217,104,221,66,14,150,83,234,149,45,115,147,181,95,15,15,62,181,218,61,128,44,56,225,245,79,243,21,2,29,11,76,248,93,253,115,127,197,4,186,132,114,34,214,174,92,13,15,49,154,130,58,145,42,96,182,231,69,234,69,80,17,84,101,189,70,225,91,82,212,91,164,165,31,88,250,253,31,85,34,29,176,251,5,222,110,41,214,193,96,214,54,46,108,20,42,189,104,213,82,14,151,74,140,189,18,51,139,236,98,44,34,111,196,147,10,170,9,56,172,162,108,221,60,90,23,5,77,223,100,172,46,31,231,41,145,171,17,90,130,249,3,53,43,28,204,142,126,207,26,84,167,191,16,190,52,51,29,24,42,189,101,212,43,2,151,74,149,165,0,51,142,244,3,51,35,2,184,249,115,210,106,41,208,195,113,219,62,41,111,125,37,160,31,189,88,124,240,91,238,223,124,73,248,133,123,68,95,106,221,248,29,166,11,56,171,183,13,220,61,48,116,104,90,221,108,172,36,3,136,53,154,188,4,79,253,140,106,68,92,99,221,248,11,183,11,68,216,194,100,175,74,85,12,122,93,197,125,208,84,127,225,45,226,218,99,34,248,133,123,45,47,16,189,250,5,222,109,49,182,221,100,198,52,46,115,125,37,163,28,189,81,118,240,51,143,190,17,66,130,242,25,85,61,23,165,234,30,181,30,73,167,188,22,190,62,40,114,121,74,212,121,172,36,11,136,32,144,186,28,65,240,144,18,75,87,126,178,243,1,176,10,87,223,179,18,162,84,36,97,101,84,172,26,160,58,112,229,42,147,187,21,66,249,253,28,75,66,0,180,235,27,177,17,56,169,189,13,218,57,43,116,20,42,164,28,236,107,31,223,15,177,155,36,124,202,163,91,16,1,60,130,130,53,215,108,51,168,185,18,163,77,85,12,26,40,163,27,164,36,3,151,84,243,220,96,60,135,245,31,65,95,101,221,141,120,209,110,49,174,162,20,160,72,85,25,25,45,167,24,189,39,0,149,94,235,216,124,61,135,245,22,77,92,98,192,135,98,215,108,51,169,189,25,171,76,83,12,26,40,163,27,164,36,3,151,83,243,220,99,56,137,240,31,65,93,96,221,139,126,209,102,61,168,186,17,160,84,82,18,25,43,164,31,161,47,4,136,87,230,223,102,61,141,236,28,65,88,98,193,135,126,213,104,41,175,187,18,164,76,95,17,27,32,236,5,242,121,93,215,18,190,134,36,125,130,187,13,20,15,38,153,157,98,193,57,105,245,225,83,176,84,69,105,71,108,244,71,226,127,71,221,68,243,202,36,97,204,180,93,16,0,53,211,147,108,183,58,125,238,172,92,190,21,6,88,123,125,246,90,172,33,31,215,19,189,171,56,123,209,171,92,68,21,47,221,202,62,149,62,105,222,235,82,241,11,90,91,82,118,240,68,244,43,17,199,9,177,142,57,105,157,236,70,23,29,38,144,220,37,222,43,119,239,235,13,251,28,31,29,16,101,189,82,255,119,94,193,91,253,161,62,122,233,161,67,59,1,42,211,147,39,141,44,113,251,237,74,175,12,21,85,76,52,248,77,233,43,2,151,86,162,149,124,97,207,141,78,9,83,41,188,240,24,166,98,53,182,194,110,211,60,44,29,24,52,221,102,208,82,125,237,42,226,218,124,79,251,132,18,74,66,1,164,253,115,215,115,72,207,194,28,167,84,35,105,127,37,167,5,220,89,119,153,81,243,189,30,67,130,248,3,58,33,28,178,254,26,222,102,41,214,203,111,175,73,87,12,108,73,172,24,160,58,127,240,91,238,218,124,66,250,253,30,74,66,24,188,239,115,210,107,41,208,195,113,219,62,90,17,28,52,219,100,193,95,117,234,41,139,213,97,56,147,142,96,45,83,99,198,147,9,164,26,81,167,191,25,190,63,52,101,125,37,160,16,189,88,118,243,50,158,170,28,75,130,242,31,85,61,23,165,235,15,161,19,64,167,188,16,190,63,34,116,125,89,211,101,212,43,1,150,74,140,173,4,90,254,130,99,60,37,111,195,140,98,164,26,81,206,207,99,222,61,44,29,27,44,189,122,212,66,127,237,53,139,213,98,59,147,135,106,45,59,2,167,254,2,222,109,51,182,221,100,198,45,55,118,104,84,172,27,166,58,117,235,52,143,186,21,94,130,242,23,85,40,29,163,243,1,172,15,56,168,183,13,209,52,40,115,124,74,212,20,162,38,31,231,39,147,164,109,61,142,236,108,56,34,30,162,250,2,165,98,54,168,162,115,215,44,50,114,103,37,162,26,189,94,114,232,50,226,218,101,59,194,189,3,2,7,60,130,203,60,150,60,113,243,225,79,225,69,28,19,25,42,161,28,164,34,1,144,74,235,219,102,58,143,244,29,75,90,126,197,143,124,212,103,48,170,188,20,190,77,85,16,24,45,168,29,169,47,31,150,83,233,196,97,61,142,240,24,75,66,96,199,135,123,218,102,54,174,190,13,166,75,81,19,26,32,168,29,165,58,0,148,84,236,217,103,59,136,240,3,77,94,96,200,142,120,213,110,52,182,189,17,160,76,83,24,31,44,163,5,165,38,0,148,82,231,217,105,56,147,244,26,65,89,103,195,147,123,209,111,49,162,185,16,164,65,75,19,27,33,163,24,167,58,7,151,152,219,222,104,54,143,236,27,74,88,101,194,141,120,212,109,41,175,188,17,161,77,81,22,25,33,189,24,168,33,5,151,84,243,219,104,56,143,240,23,74,92,97,221,139,125,213,104,60,173,184,24,164,84,83,16,26,41,160,29,163,34,6,136,82,236,222,103,61,141,244,30,79,66,100,198,139,125,219,108,49,174,162,21,161,78,81,22,30,41,162,31,189,34,0,146,81,236,218,100,63,137,236,25,78,91,98,194,135,118,211,115,52,170,190,24,160,78,80,18,31,52,165,26,167,35,0,146,85,237,216,124,61,143,242,26,72,90,99,201,141,98,215,111,54,171,191,18,171,65,86,12,28,42,164,26,160,36,31,149,81,236,222,103,62,139,248,3,72,89,102,194,141,123,219,106,41,171,185,21,171,64,86,18,25,52,164,27,161,35,6,151,82,232,219,124,61,134,245,31,73,86,126,194,135,120,209,111,51,168,191,21,190,76,84,22,31,40,163,24,160,36,31,151,86,237,221,103,55,136,241,23,85,90,98,194,142,121,218,104,61,169,162,20,171,72,95,20,17,52,160,30,165,47,11,149,84,236,196,97,61,139,248,24,76,87,98,197,147,127,212,107,60,162,191,19,166,84,86,23,31,42,168,24,168,35,31,149,85,234,216,96,57,139,248,23,85,91,96,193,137,127,218,111,53,163,162,21,164,72,95,16,25,52,162,17,167,36,4,150,83,238,209,124,60,140,244,22,72,93,101,200,141,98,215,108,251,158,184,18,164,64,75,19,25,42,164,30,168,33,1,146,74,235,219,102,55,141,248,24,79,86,126,197,143,125,208,110,52,169,184,20,190,77,85,16,31,32,162,30,166,33,31,145,84,233,221,105,60,147,243,23,79,93,97,197,134,118,215,115,48,175,189,23,166,64,86,18,17,101,189,74,254,120,64,208,7,177,156,35,51,196,226,91,22,0,39,156,221,43,145,125,41,184,218,68,234,12,69,12,11,117,240,93,249,52,31,134,5,179,137,61,126,157,236,13,31,2,61,158,205,108,207,125,76,244,250,68,252,11,14,84,80,58,189,11,196,82,90,201,84,253,196,114,96,218,183,13,85,94,126,192,147,108,176,54,127,255,172,13,165,84,87,14,28,52,179,121,254,101,90,208,15,176,134,114,34,157,180,64,10,26,32,152,209,41,193,34,41,247,239,89,192,29,0,83,20,41,165,5,226,99,81,231,14,170,134,59,125,130,187,82,85,27,34,135,222,34,167,58,118,249,253,28,233,3,9,65,68,125,172,11,216,120,71,242,7,179,170,63,118,157,236,70,23,29,38,144,220,37,222,43,119,239,235,13,251,28,31,29,24,43,161,84,189,109,93,197,11,186,213,114,109,208,174,73,16,9,112,221,214,32,144,43,100,249,229,28,230,10,18,69,5,113,245,81,172,47,78,136,29,177,137,61,107,130,226,102,55,58,23,191,236,7,183,6,90,215,199,111,176,84,14,78,90,108,240,74,250,43,71,214,19,186,196,57,106,199,253,30,73,19,126,138,209,47,142,58,56,184,199,111,198,61,41,115,96,76,200,118,220,87,107,134,74,182,134,35,122,222,163,68,68,26,32,132,218,98,138,59,125,167,191,16,239,84,28,78,72,117,244,20,179,127,93,208,32,182,132,60,44,147,169,65,10,26,51,146,212,115,151,45,112,255,162,72,246,0,90,17,26,42,236,5,234,120,82,201,3,226,202,57,96,203,139,65,22,12,112,221,214,32,144,43,100,249,229,28,230,10,18,69,5,113,245,81,172,39,0,151,27,162,196,63,126,242,161,95,68,21,31,190,233,11,222,111,41,214,193,96,214,51,90,17,5,84,222,104,213,88,122,232,91,237,196,17,74,251,253,28,85,61,7,179,130,122,207,18,80,214,179,20,190,60,46,118,20,46,189,100,222,82,14,147,74,138,166,29,51,135,236,108,54,32,17,176,235,115,218,115,73,223,192,28,163,72,75,101,120,37,160,24,189,90,103,153,87,237,196,28,75,130,241,28,85,36,31,161,130,127,215,115,79,215,222,104,212,69,86,21,5,82,220,121,216,80,125,235,50,226,217,102,34,241,143,123,68,95,101,221,248,9,166,11,56,171,182,13,213,43,34,116,20,41,168,5,223,83,100,240,39,157,164,21,51,141,240,3,42,43,6,165,254,12,175,26,56,168,191,13,213,61,51,116,104,90,221,108,172,36,1,136,53,154,188,4,79,253,140,106,50,83,96,194,147,9,166,11,81,219,204,109,215,51,90,18,29,52,194,108,197,90,122,247,50,226,218,101,34,248,133,123,44,62,4,176,243,115,209,105,41,201,203,117,199,40,49,97,101,37,163,30,189,80,124,246,54,141,173,0,51,141,248,3,63,33,0,189,240,1,179,98,55,163,162,98,222,55,52,117,123,93,172,26,161,58,112,229,42,147,213,99,63,147,131,110,53,34,1,180,243,8,222,108,55,182,220,100,198,45,53,110,20,43,162,5,217,87,127,240,91,237,221,101,115,194,236,84,16,0,33,133,205,59,128,43,108,245,224,82,175,3,83,19,31,42,166,26,160,35,1,136,85,239,218,99,54,140,241,31,77,66,102,193,141,119,219,109,49,170,191,13,167,64,94,24,27,44,189,24,166,34,0,150,83,232,208,124,54,139,243,27,78,95,102,199,147,127,212,108,53,171,187,17,165,84,82,16,30,42,167,31,167,34,31,145,84,239,220,98,63,137,243,28,85,95,107,198,135,118,219,115,52,173,190,18,171,75,81,18,5,41,161,25,166,47,6,149,82,239,196,99,54,138,249,27,75,91,97,193,147,122,208,105,54,169,182,24,166,76,75,19,25,42,162,24,166,35,4,151,74,235,216,98,55,142,246,25,72,90,126,192,136,127,211,107,60,170,189,13,166,75,153,36,31,43,167,17,189,34,3,151,86,235,208,97,55,137,236,26,75,94,97,196,137,125,214,108,41,171,183,22,164,75,85,12,26,32,167,25,161,47,3,157,87,243,221,101,61,137,244,23,72,92,106,140,147,45,140,49,118,238,239,79,230,11,90,91,11,117,240,93,249,52,31,134,0,179,135,63,124,157,236,30,73,94,98,221,143,96,214,115,39,201,254,68,247,28,69,12,11,107,229,91,248,120,84,134,74,253,142,63,124,210,161,91,91,66,112,212,145,124,133,125,41,184,218,68,234,12,69,93,5,117,240,81,195,115,84,215,91,238,217,124,125,202,162,108,17,27,60,154,204,115,152,34,41,239,254,87,243,20,35,69,90,123,226,20,234,109,93,197,11,186,213,114,109,208,174,73,16,9,112,221,214,32,144,43,100,249,229,28,230,10,18,69,5,113,245,81,172,47,78,136,29,177,137,61,107,130,226,124,9,11,55,149,233,47,143,29,106,226,172,13,251,22,20,84,72,123,250,20,229,100,70,193,74,182,140,40,51,142,243,23,4,19,126,158,207,3,130,47,56,225,195,110,196,61,90,16,5,84,222,104,213,93,14,149,74,147,167,17,74,241,137,99,68,92,126,176,251,10,222,108,41,201,219,99,175,76,75,109,124,84,172,28,189,82,122,242,91,233,196,29,65,251,253,24,85,59,28,188,130,118,207,28,74,212,205,96,198,69,94,12,101,93,223,20,160,38,31,225,55,226,217,97,34,243,148,18,72,92,126,189,250,115,210,108,41,208,195,113,175,73,83,12,99,85,193,96,215,43,2,145,74,149,165,0,71,249,142,96,45,83,99,199,147,0,172,11,56,171,185,13,213,63,34,116,20,41,169,5,214,69,118,240,91,238,209,124,64,250,151,123,56,44,30,180,130,124,211,115,86,223,218,117,211,58,43,101,20,42,160,5,214,83,103,240,39,157,164,21,51,141,242,3,42,43,6,165,254,12,175,26,78,167,188,18,190,63,34,116,125,89,211,101,212,93,14,150,82,243,187,21,90,243,137,124,45,83,96,196,147,9,166,11,80,202,216,96,222,69,85,22,5,75,212,125,196,70,101,229,42,226,218,103,34,249,143,125,41,60,23,161,130,124,219,115,67,213,220,109,221,55,55,29,27,33,189,106,221,89,96,241,52,154,213,99,62,147,131,110,53,34,111,194,142,98,160,30,73,214,221,100,222,62,90,19,27,52,195,108,197,67,97,234,91,236,219,124,70,254,140,123,68,92,103,196,194,51,207,36,108,244,253,85,224,13,4,84,64,119,255,90,172,109,0,148,84,239,221,101,58,141,244,3,77,93,100,197,143,122,209,109,49,182,186,17,160,79,95,21,25,42,164,5,164,36,3,149,83,230,220,104,55,147,242,26,79,66,99,194,142,126,212,109,41,168,184,25,167,65,94,19,29,46,189,29,162,32,0,151,94,230,220,100,34,140,240,29,74,95,101,196,136,126,207,107,53,168,183,16,164,78,86,17,5,43,161,27,164,33,10,147,87,235,196,100,62,140,241,24,64,89,106,193,147,121,219,105,49,169,188,13,163,79,81,18,16,41,169,16,189,46,7,145,82,235,221,98,59,147,241,24,77,87,106,192,142,118,207,106,53,163,188,21,162,76,84,12,28,42,161,31,160,46,1,144,87,243,219,105,59,141,246,27,85,95,101,195,140,123,218,104,54,182,191,17,162,65,94,18,28,41,168,5,165,37,205,160,80,231,208,96,34,139,243,25,78,93,96,199,136,124,207,106,55,170,189,20,164,78,87,25,5,41,168,30,167,37,1,136,85,231,222,96,62,135,248,28,76,66,102,194,137,121,218,104,51,163,184,13,166,72,84,17,24,44,163,29,166,58,7,151,80,232,219,98,58,142,246,3,79,89,102,194,135,125,215,107,41,174,189,23,164,78,80,17,26,46,189,29,162,32,4,151,84,235,217,102,34,137,247,26,73,93,106,201,143,98,210,111,53,163,188,23,165,74,81,12,29,43,167,28,162,32,0,150,86,243,219,96,60,138,241,27,72,86,102,221,139,126,208,110,52,169,183,24,161,84,82,18,28,43,160,27,189,39,4,151,80,232,216,101,62,147,241,24,77,93,96,196,135,121,207,110,50,174,183,25,163,74,85,12,28,42,161,28,164,37,7,147,85,243,219,105,59,143,240,23,85,93,106,199,141,126,213,104,55,172,162,21,161,78,81,16,27,41,160,27,189,37,3,150,83,232,209,103,60,143,236,27,73,93,99,198,134,121,219,106,41,175,183,17,170,76,95,12,24,47,165,16,169,39,1,145,74,238,219,100,54,136,245,22,73,90,126,192,136,122,218,103,52,171,182,13,163,79,81,18,16,41,168,30,189,39,0,145,86,239,223,100,54,135,236,26,75,94,100,192,134,126,211,102,41,174,184,17,170,72,87,12,26,32,167,27,166,36,4,147,83,243,218,99,58,134,241,28,78,87,96,221,139,125,29,91,51,169,184,25,190,75,87,18,31,44,164,27,167,37,31,144,86,236,218,100,59,138,248,27,85,95,101,197,140,124,214,102,54,182,186,18,164,65,94,20,26,40,165,5,165,38,0,151,81,232,217,101,55,147,245,29,73,88,106,197,143,125,208,115,48,168,184,20,171,74,75,19,17,46,162,26,165,47,11,144,74,234,221,99,56,139,248,30,75,86,47,221,220,33,141,44,113,251,224,85,225,69,28,2,93,119,255,92,252,116,86,214,68,243,202,4,107,199,180,13,85,76,63,144,203,38,193,115,39,249,226,64,255,8,69,12,11,126,253,70,254,100,17,136,87,239,216,96,34,143,238,26,85,76,1,129,218,43,135,125,41,184,219,101,251,21,85,2,5,58,255,76,230,52,31,148,74,238,196,114,93,214,186,74,91,66,101,221,157,30,140,44,108,238,231,78,252,90,75,2,90,108,227,64,255,113,17,136,68,185,135,34,99,222,180,13,85,76,119,223,141,40,193,34,41,247,239,89,192,29,0,83,20,41,165,5,226,99,81,231,14,170,134,59,125,130,187,82,85,27,34,135,222,34,167,58,118,249,253,28,233,3,9,65,68,125,172,11,194,102,86,193,2,137,137,60,76,208,184,13,85,7,60,130,203,47,128,52,56,238,252,84,247,84,14,68,81,37,160,26,169,107,31,223,8,190,133,53,51,157,163,64,23,8,59,150,157,98,138,49,118,238,239,66,249,69,19,82,92,125,189,64,245,110,14,157,27,243,147,62,111,210,165,18,91,61,2,180,250,10,188,18,76,212,172,13,251,22,20,84,72,123,250,20,229,100,70,193,74,182,140,40,51,142,242,82,85,21,60,144,210,43,222,125,86,202,203,100,214,39,42,97,113,58,189,64,255,101,71,197,5,180,213,36,124,202,165,3,16,10,42,204,142,125,158,115,126,244,239,76,247,69,69,83,89,125,244,77,215,127,95,200,68,243,129,62,125,203,161,76,18,83,38,131,202,43,207,54,97,226,179,16,166,73,26,12,82,118,240,68,244,43,17,215,22,186,141,52,69,209,175,77,91,66,59,159,204,58,130,60,110,167,250,83,231,29,75,73,77,96,172,24,165,36,78,217,74,176,152,29,111,207,253,84,52,33,4,180,130,126,207,19,74,219,202,106,175,73,75,108,102,89,213,103,216,90,14,150,74,158,172,20,51,140,236,124,44,44,111,197,147,3,182,19,56,175,162,101,219,46,90,22,5,85,222,109,172,33,31,241,40,146,213,104,34,252,143,97,58,47,6,204,134,98,175,26,75,167,191,17,190,61,54,29,24,41,189,101,197,43,2,150,74,147,173,109,63,140,236,101,52,62,111,192,139,98,169,18,85,211,200,28,163,77,75,106,100,72,216,111,223,89,103,153,87,233,196,30,65,235,253,30,78,66,21,182,250,26,222,110,61,182,201,114,215,44,90,17,16,52,223,108,198,66,114,230,42,154,213,98,62,147,147,106,45,58,19,179,243,11,222,109,52,182,201,100,198,44,38,98,101,93,172,27,163,58,96,225,50,139,169,18,66,250,139,18,75,93,126,182,250,26,183,30,71,214,203,106,175,74,83,12,122,93,197,101,216,69,103,153,84,234,196,23,75,235,149,127,47,47,30,204,141,120,207,12,64,206,219,113,196,57,43,29,27,47,189,111,222,68,99,246,35,143,213,98,54,147,134,96,43,34,29,190,239,115,209,102,41,217,194,110,193,45,53,101,20,43,161,5,210,87,127,232,91,236,217,124,77,254,140,99,42,43,30,183,130,125,209,115,87,223,218,116,192,54,90,19,26,52,217,104,221,66,14,150,83,234,149,45,34,196,169,65,10,26,32,132,220,58,138,48,107,233,179,90,166,75,81,18,30,43,160,28,163,58,0,148,84,237,221,98,62,140,242,3,77,94,96,201,138,126,219,110,50,182,189,19,165,78,95,16,5,41,166,24,166,38,7,151,82,243,221,96,59,134,245,31,78,86,126,196,141,126,209,102,53,175,184,16,190,73,84,17,17,44,161,5,162,46,6,157,82,237,218,103,58,147,244,28,79,93,97,201,134,122,215,115,54,170,188,19,167,74,87,19,31,52,165,26,167,32,3,148,94,236,218,124,58,143,242,22,65,92,102,193,140,98,214,109,53,169,187,23,162,65,80,12,24,33,166,31,162,36,31,151,94,233,216,96,54,140,242,28,85,91,103,194,137,122,219,110,55,162,243,13,241,23,9,83,93,121,255,93,226,43,72,134,11,190,156,56,44,147,226,73,21,1,61,131,157,98,211,113,48,182,172,117,224,17,2,83,11,52,179,93,254,101,71,214,15,177,143,114,34,157,148,74,1,26,112,140,147,35,130,39,87,255,233,82,175,79,75,83,92,122,210,65,228,120,88,215,91,164,149,124,123,207,182,78,21,42,55,130,220,61,222,36,126,244,239,76,247,69,69,67,70,118,247,64,246,52,31,205,8,172,156,49,109,212,253,91,11,27,55,221,214,42,155,98,60,231,162,90,252,25,10,69,20,58,197,91,248,115,64,242,7,179,170,63,118,157,236,70,23,29,38,144,220,37,222,43,119,239,235,13,251,28,31,29,24,44,166,84,236,58,92,212,43,190,152,109,117,242,143,121,60,83,98,221,243,1,162,27,78,167,191,13,222,55,38,100,103,81,221,20,163,58,114,224,34,226,219,124,93,234,130,18,77,66,31,164,243,115,214,115,65,211,216,28,164,84,42,111,109,37,166,5,196,88,126,153,94,243,171,31,64,252,129,123,68,87,126,189,250,0,222,110,53,182,203,112,175,73,86,12,101,76,172,24,163,58,127,225,91,238,219,124,68,242,144,18,72,90,126,187,242,30,170,25,56,171,187,13,216,53,55,105,111,86,222,125,172,39,5,136,40,144,188,109,63,136,236,104,62,43,6,204,142,118,207,24,86,223,218,28,163,65,75,110,108,79,197,104,211,90,118,153,84,239,196,3,75,235,148,110,59,34,23,204,141,127,207,24,64,206,218,96,208,52,34,29,27,42,189,122,212,66,103,229,36,147,173,27,51,141,243,3,62,43,6,165,254,12,175,26,78,167,188,21,190,43,34,116,101,81,194,125,172,36,6,136,33,154,188,5,94,233,129,99,68,92,100,221,236,11,183,10,85,204,207,109,175,74,80,12,111,87,195,121,195,83,99,153,84,231,196,22,65,237,140,96,54,62,111,195,134,98,160,19,74,201,219,115,215,69,84,16,5,91,208,101,221,43,0,149,74,156,169,28,66,236,133,99,63,83,97,195,147,28,166,11,80,200,192,28,161,75,75,104,104,84,197,20,163,35,6,217,27,243,147,57,96,204,180,93,12,13,38,152,208,32,144,98,126,169,190,19,162,77,82,20,27,44,189,29,162,32,7,148,82,237,218,100,34,139,240,29,78,86,103,193,141,123,207,106,55,170,191,20,171,76,95,25,5,42,164,31,189,39,0,149,86,232,218,124,60,137,248,26,64,87,97,197,143,98,215,108,51,169,189,25,171,76,83,12,26,40,163,26,160,33,6,147,86,243,220,96,60,134,241,25,79,95,99,221,140,126,209,107,49,162,184,21,160,84,83,16,26,40,165,17,160,47,5,136,82,234,208,103,59,141,236,26,75,94,102,201,136,127,213,102,41,169,188,24,160,73,81,12,29,43,111,45,167,46,11,148,74,235,219,102,57,140,242,25,78,92,126,196,141,126,208,106,51,172,190,24,190,73,94,23,31,43,163,5,162,46,5,148,86,231,219,98,61,147,244,28,79,89,107,198,137,119,213,115,49,170,189,16,163,76,85,20,28,52,165,26,167,33,0,150,82,238,222,124,56,136,244,28,65,93,102,197,147,122,208,105,51,172,185,16,161,78,75,20,26,46,166,26,163,34,2,146,74,233,223,101,62,140,248,23,73,66,99,193,143,119,209,105,50,168,184,13,166,75,81,21,26,46,162,27,161,58,0,148,84,234,217,100,63,135,242,3,77,94,97,192,142,125,218,102,52,182,187,19,167,75,86,18,5,41,166,26,167,33,3,144,94,243,217,103,58,140,242,26,65,91,126,192,136,122,218,103,52,168,190,13,167,74,87,21,28,43,165,30,162,58,0,157,83,239,216,104,34,140,248,25,75,94,100,195,142,122,207,107,54,172,184,17,160,73,86,18,5,43,161,27,164,33,10,147,87,231,196,100,62,140,241,24,64,89,106,194,147,123,218,111,61,174,182,13,163,79,83,25,17,41,163,26,189,39,0,144,94,232,221,105,62,139,236,30,78,90,107,201,142,124,215,115,52,173,184,19,171,73,94,21,5,41,162,28,161,38,4,144,94,231,196,101,60,143,246,30,64,94,98,200,147,122,213,111,61,170,190,13,161,64,81,18,30,42,164,24,168,58,1,151,82,230,217,99,57,134,242,3,77,93,172,245,137,125,213,103,41,169,190,19,167,79,94,23,27,46,189,29,162,32,10,150,94,232,222,104,34,139,240,28,74,95,99,194,137,123,207,106,55,170,184,25,161,79,80,23,5,45,163,31,164,47,1,136,85,231,222,99,61,139,249,23,77,66,103,196,140,120,215,103,52,168,182,92,190,27,8,78,90,108,240,71,229,101,14,223,68,171,135,62,123,210,162,74,11,76,126,211,235,43,155,43,39,182,172,76,243,12,15,2,5,58,242,69,240,123,67,134,74,253,142,60,97,208,178,13,85,76,6,131,214,43,144,125,41,184,219,101,251,21,85,2,5,58,255,76,230,52,31,148,74,238,196,114,93,214,186,74,91,66,101,221,143,96,214,115,39,202,225,82,251,12,14,79,71,58,189,11,229,121,64,208,20,182,134,55,44,194,236,66,24,22,0,148,216,61,222,110,49,182,253,84,240,59,15,85,71,115,226,20,234,107,31,209,22,169,137,60,74,218,179,76,10,83,41,138,209,47,142,58,56,184,218,83,251,29,20,118,72,116,211,70,233,52,31,205,8,172,156,49,109,212,253,91,11,27,55,221,214,42,155,98,52,174,185,92,190,3,9,65,68,125,172,11,242,121,93,194,15,184,202,124,103,209,179,91,24,13,57,204,203,60,150,58,41,243,234,89,175,65,26,12,82,118,240,68,244,43,17,240,52,150,173,3,81,242,137,97,91,66,59,159,204,58,130,60,110,167,250,83,231,29,75,73,77,96,172,24,165,107,31,223,8,190,133,53,51,157,148,125,48,43,1,174,242,15,187,125,41,243,224,82,230,25,4,75,20,108,227,92,244,58,90,192,30,226,217,101,115,147,187,65,24,3,55,204,157,58,145,54,96,233,200,72,254,20,69,12,64,118,226,93,240,117,88,153,18,173,157,53,34,214,164,87,68,95,102,200,194,98,152,49,100,247,235,28,176,12,21,73,76,107,218,71,254,116,17,136,15,177,155,36,111,220,171,18,13,28,39,148,147,39,135,39,56,171,187,17,239,5,75,79,89,85,240,89,172,109,126,235,48,154,213,96,34,243,143,110,61,37,111,192,147,2,172,30,65,212,199,109,175,74,75,97,109,92,172,26,189,69,102,230,91,235,196,29,91,243,253,26,85,42,27,167,130,120,207,18,74,222,179,22,190,45,41,109,20,32,189,106,222,88,112,229,50,226,209,124,66,250,142,18,72,94,126,180,238,115,210,110,41,214,218,28,163,74,75,108,108,37,160,26,189,92,126,244,91,238,220,124,68,242,144,102,63,83,99,196,147,4,174,15,76,220,192,110,198,69,86,22,5,86,222,125,172,39,4,136,33,152,173,4,51,142,248,3,62,61,23,165,130,127,218,115,75,223,217,117,211,58,43,101,20,42,161,5,194,83,103,240,39,157,164,21,51,141,241,3,62,43,6,165,254,12,175,26,56,168,188,13,193,61,51,116,104,90,221,108,218,43,1,151,74,152,173,4,90,254,130,99,60,37,111,195,139,98,176,26,81,214,199,114,198,69,85,21,5,95,212,125,196,70,101,229,42,226,218,102,34,236,133,123,44,62,4,176,243,115,209,104,41,220,193,115,194,42,34,112,20,42,169,5,215,89,97,232,41,144,184,109,60,134,236,108,53,33,1,164,237,11,222,108,53,182,205,96,222,52,90,19,24,52,210,104,221,90,96,225,42,153,213,99,60,147,146,106,45,59,0,191,130,125,208,115,77,219,194,117,175,74,82,21,84,101,189,82,248,120,64,208,20,170,139,36,103,208,174,92,68,21,102,194,137,124,211,104,51,171,184,13,167,74,87,16,16,43,167,16,166,58,7,151,80,236,219,104,55,139,244,3,77,94,96,198,142,119,209,108,55,182,186,18,164,75,84,24,16,44,165,5,160,32,10,147,85,231,218,101,34,140,248,25,73,94,101,193,139,125,207,108,53,168,191,25,164,76,94,24,5,44,161,27,166,46,6,148,84,232,196,97,56,134,247,28,65,92,106,221,138,126,208,106,50,162,184,19,166,84,82,18,25,42,163,28,163,46,2,136,83,234,219,102,58,135,241,29,65,19,126,146,208,32,144,43,100,244,250,82,175,3,69,116,76,96,229,11,189,52,96,197,16,186,140,113,44,147,226,91,24,29,57,211,147,108,135,58,105,251,247,3,190,73,73,21,84,52,252,72,233,68,86,195,21,226,221,124,125,202,162,108,17,27,60,154,204,115,152,36,108,244,253,85,224,13,4,84,64,119,255,90,172,109,7,151,80,237,216,103,56,142,246,3,77,93,100,195,136,125,215,111,61,182,189,25,167,64,80,21,16,46,168,5,164,35,0,146,82,231,217,98,54,194,236,76,22,0,33,133,222,32,151,44,56,225,172,117,247,0,19,2,84,52,252,72,233,68,86,195,21,226,218,124,125,202,162,108,17,27,60,154,204,115,152,34,41,239,254,87,243,20,35,69,90,123,226,20,234,109,93,197,11,186,213,114,93,222,182,74,59,26,60,211,147,39,141,44,113,251,237,74,175,30,6,76,90,125,189,64,245,110,14,149,27,243,147,62,111,210,165,18,91,1,32,152,216,108,207,54,107,233,250,64,241,19,90,84,91,109,244,5,248,114,75,153,87,162,149,124,97,207,141,78,9,83,41,188,240,24,166,98,53,182,194,110,211,60,44,29,24,52,221,102,208,82,125,237,42,226,218,124,79,251,132,18,74,66,1,164,253,115,215,115,72,207,194,28,167,84,35,105,127,37,167,5,220,89,119,153,81,243,189,30,67,130,248,3,58,33,28,178,254,26,222,102,41,214,203,111,175,73,87,12,108,73,172,24,160,58,127,240,91,238,218,124,66,250,253,30,74,66,24,188,239,115,210,107,41,208,195,113,219,62,90,17,28,52,219,100,193,95,117,234,41,139,213,97,56,147,142,96,45,83,99,198,147,9,164,26,81,167,191,25,190,63,52,101,125,37,160,16,189,88,118,243,50,158,170,28,75,130,242,31,85,61,23,165,235,15,161,19,64,167,188,16,190,63,34,116,125,89,211,101,212,43,1,150,74,140,173,4,90,254,130,99,60,37,111,195,140,98,164,26,81,206,207,99,222,61,44,29,27,44,189,122,212,66,127,237,53,139,213,98,59,147,135,106,45,59,2,167,254,2,222,109,51,182,221,100,198,45,55,118,104,84,172,27,166,58,117,235,52,143,186,21,94,130,242,23,85,40,29,163,243,1,172,15,56,168,183,13,209,52,40,115,124,74,212,20,162,38,31,231,39,147,164,109,61,142,236,108,56,34,30,162,250,2,165,98,54,168,162,115,215,44,50,114,103,37,162,26,189,94,114,232,50,226,218,101,59,194,189,82,85,27,34,135,222,34,167,58,118,249,253,28,233,3,9,65,68,125,172,11,226,119,69,193,37,176,134,54,103,216,226,3,16,0,33,133,222,45,136,98,113,232,251,68,190,17,3,88,20,41,169,84,189,109,93,197,11,186,213,114,93,222,182,74,59,26,60,211,147,39,141,44,113,251,237,74,175,12,21,85,76,52,248,77,233,43,2,146,80,162,149,124,97,207,141,78,9,83,41,188,240,24,166,98,53,182,194,110,211,60,44,29,24,52,221,102,208,82,125,237,42,226,218,124,79,251,132,18,74,66,1,164,253,115,215,115,72,207,194,28,167,84,35,105,127,37,167,5,220,89,119,153,81,243,189,30,67,130,248,3,58,33,28,178,254,26,222,102,41,214,203,111,175,73,87,12,108,73,172,24,160,58,127,240,91,238,218,124,66,250,253,30,74,66,24,188,239,115,210,107,41,208,195,113,219,62,90,17,28,52,219,100,193,95,117,234,41,139,213,97,56,147,142,96,45,83,99,198,147,9,164,26,81,167,191,25,190,63,52,101,125,37,160,16,189,88,118,243,50,158,170,28,75,130,242,31,85,61,23,165,235,15,161,19,64,167,188,16,190,63,34,116,125,89,211,101,212,43,1,150,74,140,173,4,90,254,130,99,60,37,111,195,140,98,164,26,81,206,207,99,222,61,44,29,27,44,189,122,212,66,127,237,53,139,213,98,59,147,135,106,45,59,2,167,254,2,222,109,51,182,221,100,198,45,55,118,104,84,172,27,166,58,117,235,52,143,186,21,94,130,242,23,85,40,29,163,243,1,172,15,56,168,183,13,209,52,40,115,124,74,212,20,162,38,31,231,39,147,164,109,61,142,236,108,56,34,30,162,250,2,165,98,54,168,162,115,215,44,50,114,103,37,162,26,189,94,114,232,50,226,218,101,59,194,189,3,2,7,60,130,203,60,150,60,113,243,225,79,225,69,28,19,25,42,160,17,167,34,10,146,74,235,216,98,57,135,245,31,75,91,126,197,143,124,212,110,60,168,189,21,190,76,84,22,29,40,165,27,163,34,31,144,86,237,223,104,59,143,242,24,85,93,98,195,140,127,212,106,50,168,162,21,162,74,94,17,31,46,160,26,189,39,4,149,86,235,209,96,60,147,243,31,75,91,99,197,142,118,208,115,49,170,189,16,163,75,94,25,27,52,167,28,164,37,5,148,74,235,216,99,60,139,245,26,78,89,126,197,143,125,210,104,60,173,182,23,190,73,80,19,31,47,161,29,167,58,0,148,84,232,223,102,61,141,247,3,77,94,97,194,136,121,210,105,54,182,191,22,167,78,84,22,28,44,189,24,161,34,11,156,85,237,196,100,62,140,245,24,77,89,107,194,147,127,211,107,60,170,182,25,190,76,87,19,31,44,161,26,163,47,31,146,81,230,222,100,58,140,241,3,76,92,98,201,142,123,210,111,48,182,184,20,170,73,80,22,5,45,163,25,164,35,0,150,87,232,196,99,55,138,240,31,65,66,99,198,140,120,212,111,49,172,162,18,162,74,80,23,31,43,163,30,189,34,3,151,85,232,223,97,56,143,236,22,72,89,103,193,139,98,215,111,54,175,190,25,165,76,95,12,29,40,162,29,165,36,10,145,82,243,217,103,56,141,249,30,64,94,126,194,143,125,211,108,61,174,185,16,190,76,87,19,31,44,161,26,162,39,31,149,81,231,218,101,57,134,248,3,72,93,99,193,134,121,213,115,49,170,189,25,161,79,94,22,29,52,160,26,160,39,1,151,84,243,220,96,61,134,240,28,76,94,98,221,137,118,209,109,50,172,190,18,190,77,85,17,25,47,166,27,165,47,31,157,84,238,219,100,58,147,245,29,73,86,99,196,140,120,210,115,51,175,182,16,165,78,75,21,27,40,162,28,167,46,5,145,74,238,209,103,56,140,242,3,76,91,97,201,139,122,218,102,55,182,187,20,161,78,83,24,24,42,169,84,189,117,92,202,21,171,137,62,122,204,253,84,91,25,61,131,212,61,147,62,102,255,172,13,176,59,18,82,91,125,255,93,210,119,94,193,20,190,202,124,44,233,169,74,14,30,61,131,203,29,138,37,96,184,162,3,211,26,20,79,69,109,229,76,194,127,73,193,68,243,202,5,74,214,173,29,91,66,112,159,218,57,193,115,53,182,172,76,243,12,15,2,5,58,242,69,240,123,67,134,74,253,176,114,34,157,143,73,31,29,55,133,157,98,193,50,100,226,172,13,176,33,69,93,5,117,240,81,195,115,84,215,91,237,217,124,125,202,162,108,17,27,60,154,204,115,152,34,41,239,254,87,243,20,35,69,90,123,226,20,234,109,93,197,11,186,213,114,72,205,161,66,28,76,126,152,209,61,151,62,102,241,179,85,224,13,2,12,64,124,233,20,162,32,78,217,74,176,152,29,111,207,253,84,52,33,4,180,130,126,207,19,74,219,202,106,175,73,75,108,102,89,213,103,216,90,14,150,74,158,172,20,51,140,236,124,44,44,111,197,147,3,182,19,56,175,162,101,219,46,90,22,5,85,222,109,172,33,31,241,40,146,213,104,34,252,143,97,58,47,6,204,134,98,175,26,75,167,191,17,190,61,54,29,24,41,189,101,197,43,2,150,74,147,173,109,63,140,236,101,52,62,111,192,139,98,169,18,85,211,200,28,163,77,75,106,100,72,216,111,223,89,103,153,87,233,196,30,65,235,253,30,78,66,21,182,250,26,222,110,61,182,201,114,215,44,90,17,16,52,223,108,198,66,114,230,42,154,213,98,62,147,147,106,45,58,19,179,243,11,222,109,52,182,201,100,198,44,38,98,101,93,172,27,163,58,96,225,50,139,169,18,66,250,139,18,75,93,126,182,250,26,183,30,71,214,203,106,175,74,83,12,122,93,197,101,216,69,103,153,84,234,196,23,75,235,149,127,47,47,30,204,141,120,207,12,64,206,219,113,196,57,43,29,27,47,189,111,222,68,99,246,35,143,213,98,54,147,134,96,43,34,29,190,239,115,209,102,41,217,194,110,193,45,53,101,20,43,161,5,210,87,127,232,91,236,217,124,77,254,140,99,42,43,30,183,130,125,209,115,87,223,218,116,192,54,90,19,26,52,217,104,221,66,14,150,83,234,149,45,34,196,169,65,10,26,32,132,220,58,138,48,107,233,179,90,160,78,85,17,29,44,189,29,161,36,4,156,83,237,208,96,34,140,240,29,74,95,101,196,137,119,207,107,53,168,183,16,164,78,87,24,5,44,161,27,169,35,3,156,87,231,196,97,54,139,245,27,64,86,107,192,147,124,214,110,51,163,191,17,163,72,75,17,31,32,165,27,166,35,6,136,84,236,220,105,63,140,247,22,74,66,99,199,135,122,209,104,48,172,162,19,167,73,80,21,31,45,164,29,189,36,5,150,87,235,220,124,58,143,242,24,65,91,96,201,143,98,208,111,55,169,191,22,167,78,94,12,29,40,163,16,160,32,5,148,94,243,220,96,60,135,245,31,65,92,99,221,142,118,215,106,49,163,182,24,163,84,85,21,24,46,168,24,161,39,3,136,87,233,208,100,60,136,245,26,85,92,97,197,134,127,208,104,60,169,162,16,164,64,83,18,30,45,167,5,163,32,11,145,85,236,223,104,59,147,243,29,78,88,106,193,147,122,211,109,60,171,184,23,163,76,75,20,25,42,166,17,164,36,11,147,74,235,219,102,59,140,245,29,64,88,126,197,143,124,218,110,51,172,191,23,190,76,87,18,17,45,161,17,163,37,31,146,81,238,223,100,55,142,245,3,72,87,100,201,137,122,207,110,50,170,189,24,161,78,94,12,27,41,169,24,161,34,6,156,86,243,218,101,63,137,249,30,73,95,98,221,142,120,218,111,61,168,183,16,190,74,84,20,16,41,162,30,168,37,31,149,80,230,216,104,60,134,242,3,75,88,106,196,134,119,208,111,48,182,191,23,171,72,95,18,16,42,189,29,164,37,2,149,80,238,222,96,34,142,249,25,79,94,106,221,139,126,209,104,61,175,190,18,162,84,83,21,26,41,160,31,165,39,5,136,82,236,222,100,62,139,242,29,77,66,102,193,141,121,219,106,53,169,190,13,166,77,84,17,24,46,167,30,163,58,1,151,82,230,217,99,57,134,242,3,75,93,102,200,142,125,212,102,55,182,187,20,161,78,83,24,24,42,169,84,189,117,92,202,21,171,137,62,122,204,253,84,91,59,33,148,205,7,141,47,112,238,218,88,226,29,69,12,11,93,255,92,252,52,31,134,43,176,157,35,107,253,181,91,13,1,60,192,157,98,133,62,105,233,235,13,230,10,18,69,5,58,197,70,228,117,91,134,74,253,184,63,125,214,180,70,22,0,112,221,157,23,193,115,39,219,236,82,253,20,18,84,76,72,254,90,248,98,90,203,8,253,196,100,60,194,236,66,24,22,0,148,216,61,222,105,41,233,251,67,209,16,18,78,66,107,172,82,236,58,70,212,16,190,132,20,107,204,163,92,68,21,41,159,222,35,134,98,39,220,252,64,255,29,69,12,64,118,226,93,240,117,88,153,18,173,157,53,34,214,164,87,68,93,100,140,147,53,141,62,104,255,179,3,246,10,6,71,78,113,255,78,179,58,90,202,21,171,137,51,101,130,180,93,12,11,126,152,219,54,222,110,50,172,243,13,233,22,6,77,76,37,179,77,227,119,84,247,18,190,154,36,44,147,169,65,10,26,51,146,212,115,151,45,112,255,162,72,246,0,90,17,30,47,236,5,234,120,82,201,3,226,202,35,122,222,178,91,41,1,33,211,147,39,141,44,113,251,237,74,175,12,21,85,76,52,248,77,233,43,2,147,94,162,149,124,97,207,141,78,9,83,41,188,240,24,166,98,53,182,194,110,211,60,44,29,24,52,221,102,208,82,125,237,42,226,218,124,79,251,132,18,74,66,1,164,253,115,215,115,72,207,194,28,167,84,35,105,127,37,167,5,220,89,119,153,81,243,189,30,67,130,248,3,58,33,28,178,254,26,222,102,41,214,203,111,175,73,87,12,108,73,172,24,160,58,127,240,91,238,218,124,66,250,253,30,74,66,24,188,239,115,210,107,41,208,195,113,219,62,90,17,28,52,219,100,193,95,117,234,41,139,213,97,56,147,142,96,45,83,99,198,147,9,164,26,81,167,191,25,190,63,52,101,125,37,160,16,189,88,118,243,50,158,170,28,75,130,242,31,85,61,23,165,235,15,161,19,64,167,188,16,190,63,34,116,125,89,211,101,212,43,1,150,74,140,173,4,90,254,130,99,60,37,111,195,140,98,164,26,81,206,207,99,222,61,44,29,27,44,189,122,212,66,127,237,53,139,213,98,59,147,135,106,45,59,2,167,254,2,222,109,51,182,221,100,198,45,55,118,104,84,172,27,166,58,117,235,52,143,186,21,94,130,242,23,85,40,29,163,243,1,172,15,56,168,183,13,209,52,40,115,124,74,212,20,162,38,31,231,39,147,164,109,61,142,236,108,56,34,30,162,250,2,165,98,54,168,162,115,215,44,50,114,103,37,162,26,189,94,114,232,50,226,218,101,59,194,189,3,2,7,60,130,203,60,150,60,113,243,225,79,225,69,28,20,26,46,163,30,162,39,6,150,74,237,222,104,59,140,243,24,65,95,126,195,137,124,210,107,49,182,186,17,160,79,95,21,27,32,161,5,162,38,1,151,87,232,221,102,55,147,244,31,75,87,99,199,137,126,219,115,49,170,188,25,167,72,95,17,17,52,160,17,165,35,7,157,94,230,217,124,60,138,241,25,64,95,98,192,143,98,210,105,61,174,188,22,167,77,75,18,26,44,168,24,162,33,10,151,74,238,222,104,58,141,247,26,79,66,96,196,142,121,214,105,48,175,186,13,160,78,85,17,29,44,189,29,161,36,4,156,83,237,208,96,34,140,240,29,74,95,101,196,137,119,207,107,53,168,183,16,164,78,87,24,5,44,161,27,169,35,3,156,84,238,196,97,54,139,245,27,64,86,107,192,147,124,214,110,51,163,191,17,163,72,75,17,31,32,165,27,166,35,6,136,84,236,220,105,63,140,247,22,74,66,99,199,135,122,209,104,48,172,162,19,164,64,82,19,26,47,168,27,189,36,5,150,87,235,220,124,58,143,242,24,65,91,96,201,137,98,215,108,51,174,190,21,166,64,87,12,31,47,160,30,165,47,2,145,74,235,219,102,61,140,249,29,73,94,126,197,140,120,215,104,53,175,188,25,190,75,87,18,29,44,169,31,165,33,31,144,86,236,216,100,54,141,240,31,85,90,97,199,136,119,219,107,51,174,162,21,162,75,86,23,16,47,169,28,189,34,3,151,87,238,219,105,55,139,236,27,74,88,107,200,138,126,212,109,41,174,190,18,161,79,80,17,31,41,189,29,161,37,1,144,83,231,219,101,34,136,242,30,72,91,96,221,139,126,208,108,52,171,189,23,171,84,82,16,17,45,169,27,164,38,31,144,85,233,209,98,55,138,243,25,85,90,98,194,140,127,210,108,50,168,162,21,162,75,85,20,28,45,166,17,189,34,0,147,87,237,222,97,58,139,236,27,73,93,103,193,135,121,215,103,41,174,190,18,161,79,80,20,24,33,189,17,164,36,1,150,82,243,220,96,61,139,244,29,64,91,100,221,138,126,218,103,60,162,189,23,190,77,85,16,29,32,166,16,162,33,31,151,84,230,218,97,56,147,245,29,73,93,103,199,143,119,212,115,52,163,185,23,161,74,75,19,17,46,161,25,169,35,4,157,74,237,219,100,55,142,243,24,64,92,126,196,138,125,213,107,61,171,188,25,239,84,4,79,71,107,229,72,255,98,64,153,29,253,189,35,107,205,137,65,9,27,38,165,198,62,134,125,41,184,203,79,231,21,69,12,11,85,254,92,226,115,126,203,16,186,133,53,96,203,226,3,31,15,62,130,218,98,151,45,112,255,162,3,198,23,18,67,65,58,189,11,193,121,64,205,18,182,135,62,44,147,226,122,61,7,63,195,157,98,193,49,96,237,172,13,176,32,69,12,11,75,242,72,253,115,17,136,68,144,142,54,125,218,180,13,85,76,11,211,194,98,142,62,125,200,235,70,225,69,86,21,5,107,228,75,210,126,70,202,13,172,213,43,115,147,181,95,15,15,62,181,218,61,128,44,56,225,245,79,243,21,2,29,11,124,227,72,246,113,90,202,1,253,196,57,96,204,180,78,26,5,111,133,205,59,134,115,108,254,246,28,163,79,81,93,5,99,255,72,252,115,14,134,2,173,137,55,93,203,161,93,13,76,126,152,209,61,151,62,102,241,179,85,224,13,2,12,64,124,233,20,160,33,4,217,74,164,134,49,99,218,253,13,63,28,51,156,218,108,207,54,107,233,250,64,241,19,90,84,91,109,244,5,248,114,75,153,85,233,149,124,117,209,161,66,28,83,112,146,211,47,142,47,85,245,253,72,230,17,8,78,11,52,248,71,226,98,82,199,13,226,156,34,123,218,236,70,29,22,111,192,135,122,158,115,126,244,239,76,247,69,69,83,93,121,227,93,193,121,64,134,74,182,134,35,122,222,163,68,68,26,32,132,218,98,138,59,125,167,191,22,170,5,26,12,70,104,220,72,225,43,72,233,41,137,173,109,62,147,140,96,56,42,25,204,142,98,175,16,68,222,192,104,222,69,85,12,104,92,213,20,162,58,96,241,36,226,220,124,67,234,140,18,76,66,22,184,233,115,213,115,72,213,202,28,165,84,50,110,100,37,169,5,210,89,125,231,39,139,213,105,34,243,133,97,68,95,98,221,250,31,222,110,52,182,194,117,175,73,85,12,101,93,172,24,162,58,121,233,54,226,217,100,34,245,141,127,48,40,111,192,138,98,169,18,85,211,200,111,221,44,90,17,31,52,223,102,197,43,2,147,74,152,175,21,90,130,241,23,85,41,1,180,235,115,210,102,41,212,203,118,198,57,37,108,108,37,163,25,189,69,118,240,50,158,170,28,75,130,242,30,85,41,23,165,235,15,161,19,64,167,188,19,190,43,34,116,125,89,211,101,212,93,14,150,85,243,175,21,90,235,129,109,53,43,25,204,141,122,207,12,64,206,194,104,193,44,90,18,28,52,214,108,197,67,99,242,39,147,213,98,56,147,147,106,45,59,2,167,254,2,222,109,50,182,200,110,192,40,53,101,121,37,163,17,189,80,124,246,42,144,167,0,51,141,249,3,58,34,29,162,234,28,166,98,54,170,162,98,211,52,43,29,26,41,189,106,208,90,127,247,35,147,174,109,61,141,236,125,60,58,7,163,241,115,208,108,41,210,207,109,198,69,85,21,28,101,236,5,234,127,93,215,18,173,157,51,122,214,175,65,10,83,41,195,137,124,210,107,49,182,186,17,160,79,95,21,27,32,161,5,162,38,1,151,87,232,221,102,55,147,244,31,75,87,99,199,137,126,219,115,49,170,188,25,167,72,95,17,17,52,160,17,165,35,7,157,94,230,217,124,60,138,241,25,64,95,98,192,143,98,210,105,61,174,188,22,167,77,75,18,26,44,168,24,162,33,10,151,74,238,222,104,58,141,247,26,79,66,96,196,142,121,214,105,48,175,186,13,160,78,85,17,29,44,189,29,161,36,4,156,83,237,208,96,34,140,240,29,74,95,101,196,137,119,207,107,53,168,183,16,164,78,87,24,5,44,161,27,169,35,3,156,84,238,196,97,54,139,245,27,64,86,107,192,147,124,214,110,51,163,191,17,163,72,75,17,31,32,165,27,166,35,6,136,84,236,220,105,63,140,247,22,74,66,99,199,135,122,209,104,48,172,162,19,164,64,82,19,26,47,167,26,189,39,5,156,82,237,223,101,59,147,244,26,74,94,103,193,140,120,219,115,55,169,186,24,163,75,80,25,27,52,164,28,162,32,7,156,87,237,208,45,34,220,175,65,10,26,51,159,203,61,222,36,39,207,253,68,224,49,9,80,92,108,197,80,225,115,17,136,68,154,134,37,99,157,236,13,52,1,39,130,218,12,150,43,113,245,224,16,176,84,1,65,69,107,244,5,229,100,70,193,74,253,188,63,123,220,168,13,4,66,63,144,199,28,134,56,118,167,184,13,225,13,5,99,65,109,255,66,226,43,72,217,74,170,152,38,111,211,132,74,10,13,33,204,196,53,141,62,104,255,179,3,246,10,6,71,78,113,255,78,179,58,90,202,21,171,137,51,101,130,180,93,12,11,126,152,219,54,222,110,50,172,243,92,190,23,23,109,72,104,172,82,220,89,101,225,91,239,196,28,65,254,132,100,68,95,126,189,240,15,167,17,76,214,179,19,190,57,35,100,20,43,189,122,196,84,14,144,74,146,189,28,51,138,236,107,48,56,111,199,147,3,172,27,56,173,162,116,220,53,90,24,5,91,222,103,210,87,103,153,95,243,164,21,64,130,241,31,85,43,3,204,142,127,207,19,81,167,191,19,190,52,34,29,24,43,189,99,220,70,14,149,82,243,162,29,94,246,134,18,72,91,126,187,242,30,170,25,75,213,218,28,163,78,75,110,102,76,172,24,166,58,116,227,35,139,213,97,54,147,135,124,60,58,111,192,134,98,173,26,82,206,207,99,222,61,90,18,25,52,194,108,197,66,114,230,42,154,213,98,63,147,135,106,45,58,19,179,243,11,222,109,55,182,221,100,198,44,38,98,101,93,218,20,163,37,31,227,35,139,188,17,76,243,133,100,68,92,102,221,236,11,183,19,76,201,218,28,160,77,75,103,108,76,196,121,199,87,127,153,84,233,196,3,75,235,149,127,47,47,30,204,141,121,207,25,74,200,222,115,215,40,90,18,17,52,215,102,195,90,124,235,54,226,218,105,34,252,140,96,42,59,0,180,130,125,211,115,70,219,194,109,175,75,86,12,106,89,221,101,194,83,127,226,91,236,218,124,92,250,148,122,43,32,111,194,140,98,171,30,73,206,179,19,167,77,26,93,5,99,248,71,226,98,65,209,5,171,129,63,96,204,253,84,77,93,100,195,136,125,210,106,55,182,188,25,167,74,86,18,16,42,169,5,165,35,1,157,94,235,208,99,60,147,244,28,79,90,98,197,139,118,211,115,49,170,188,22,170,77,87,18,29,52,165,26,167,34,4,148,84,232,218,124,61,143,242,27,77,86,100,197,142,98,215,111,54,170,186,25,163,65,83,12,24,47,163,26,164,47,4,149,74,236,216,98,56,139,245,29,76,92,126,197,143,125,209,107,48,175,185,18,190,76,87,19,24,47,168,30,169,36,31,151,86,237,223,97,62,136,248,23,85,90,98,194,140,127,210,108,51,173,162,21,162,75,85,20,28,45,166,31,189,35,1,148,82,231,223,102,54,142,236,28,75,87,96,192,137,98,208,108,51,170,190,18,162,79,85,12,29,43,167,30,162,39,10,148,82,243,218,102,54,134,249,29,76,95,97,221,139,125,213,104,54,168,184,22,160,84,85,21,27,42,160,28,163,47,4,136,82,236,222,103,61,141,249,29,65,66,97,201,137,125,208,104,53,169,188,13,167,75,80,16,25,42,166,28,164,58,5,146,86,235,208,124,58,143,242,25,76,93,102,196,143,98,214,108,51,162,185,16,163,78,95,12,29,43,167,29,161,35,6,148,82,243,220,99,56,139,246,22,78,88,98,221,141,120,219,104,54,170,189,23,171,84,86,23,25,43,168,26,166,39,31,150,83,238,209,101,61,142,245,28,85,95,101,193,140,119,208,104,55,182,189,25,164,72,80,21,16,40,169,5,164,35,0,146,82,231,217,98,54,194,236,76,22,0,33,133,222,32,151,44,56,225,172,98,224,29,6,84,76,58,189,11,197,97,86,193,8,150,134,54,97,157,236,13,23,11,37,211,147,126,205,108,48,182,172,100,252,13,10,2,5,58,212,72,226,127,93,195,53,171,145,60,107,157,236,13,40,27,59,159,203,108,207,125,64,251,253,72,252,31,35,73,91,125,242,93,248,121,93,134,74,253,167,37,122,157,236,13,42,7,40,148,157,98,193,15,105,251,247,3,190,90,76,2,5,58,188,11,189,52,103,193,30,171,202,45,34,210,161,87,43,11,53,130,130,127,209,115,118,239,236,98,250,13,9,75,90,37,234,84,189,99,67,210,7,179,172,53,125,220,179,18,2,21,60,144,210,43,222,125,104,243,224,72,255,17,29,69,77,58,189,64,255,101,71,197,5,180,213,36,124,202,165,3,16,10,42,204,142,121,218,34,41,225,224,64,255,29,90,2,125,111,244,76,255,69,86,214,16,182,139,53,44,147,169,65,10,26,51,146,212,115,151,45,112,255,162,72,246,0,90,22,84,52,234,71,240,123,86,153,68,153,154,49,99,218,226,3,16,0,33,133,222,45,136,98,113,232,251,68,190,17,3,88,20,43,167,84,189,109,93,197,11,186,213,114,99,214,174,70,20,7,40,148,219,29,138,37,96,184,162,72,252,11,19,65,74,115,172,93,227,99,86,136,15,187,144,109,63,135,242,82,85,21,60,144,210,43,222,125,106,232,231,70,251,22,6,76,122,113,235,76,179,58,90,202,21,171,137,51,101,130,180,93,12,11,126,152,219,54,222,110,61,170,243,13,233,22,6,77,76,37,179,100,248,120,90,201,15,165,141,18,122,209,226,3,16,0,33,133,222,45,136,98,113,232,251,68,190,17,3,88,20,33,163,84,236,58,92,212,43,190,152,109,117,242,143,121,60,83,98,221,243,1,162,27,78,167,191,13,222,55,38,100,103,81,221,20,163,58,114,224,34,226,219,124,93,234,130,18,77,66,31,164,243,115,214,115,65,211,216,28,164,84,42,111,109,37,166,5,196,88,126,153,94,243,171,31,64,252,129,123,68,87,126,189,250,0,222,110,53,182,203,112,175,73,86,12,101,76,172,24,163,58,127,225,91,238,219,124,68,242,144,18,72,90,126,187,242,30,170,25,56,171,187,13,216,53,55,105,111,86,222,125,172,39,5,136,40,144,188,109,63,136,236,104,62,43,6,204,142,118,207,24,86,223,218,28,163,65,75,110,108,79,197,104,211,90,118,153,84,239,196,3,75,235,148,110,59,34,23,204,141,127,207,24,64,206,218,96,208,52,34,29,27,42,189,122,212,66,103,229,36,147,173,27,51,141,243,3,62,43,6,165,254,12,175,26,78,167,188,21,190,43,34,116,101,81,194,125,172,36,6,136,33,154,188,5,94,233,129,99,68,92,100,221,236,11,183,10,85,204,207,109,175,74,80,12,111,87,195,121,195,83,99,153,84,231,196,22,65,237,140,96,54,62,111,195,134,98,160,19,74,201,219,115,215,69,84,16,5,91,208,101,221,43,0,149,74,156,169,28,66,236,133,99,63,83,97,195,147,28,166,11,80,200,192,28,161,75,75,104,104,84,197,20,163,35,6,217,27,243,147,57,96,204,180,93,12,13,38,152,208,32,144,98,126,172,187,20,161,78,75,20,28,43,161,28,161,37,5,156,74,235,219,102,58,136,240,31,72,88,126,197,143,124,219,106,53,162,191,23,190,76,84,22,28,43,164,17,161,46,31,151,86,237,221,97,58,142,247,24,85,90,98,194,142,127,208,102,61,172,162,16,165,75,87,17,28,40,166,5,164,36,3,145,83,237,223,96,59,147,243,22,76,94,98,201,147,125,208,105,53,172,182,23,162,64,75,21,17,33,169,27,165,58,1,146,95,239,221,104,62,138,248,3,74,94,96,198,142,126,212,103,61,182,186,17,161,75,86,17,26,46,163,5,160,33,7,157,94,238,217,103,34,142,247,25,75,87,99,200,143,98,210,108,48,170,190,22,166,64,95,12,24,47,167,27,168,39,10,149,74,238,223,103,56,143,242,25,77,66,99,194,138,127,208,102,53,173,188,13,167,74,87,23,28,40,161,17,160,58,6,157,84,236,208,100,34,141,245,29,75,86,98,201,139,127,207,108,53,168,185,22,164,75,85,20,5,44,161,26,162,33,4,149,83,235,196,97,57,138,246,28,79,91,101,221,142,121,213,109,60,171,183,21,190,73,80,22,16,44,166,27,166,58,2,147,94,237,221,104,62,143,236,30,74,91,96,193,139,118,213,107,41,175,188,17,170,73,82,22,24,47,189,28,168,36,5,144,86,243,219,104,56,139,240,28,73,86,99,221,138,125,212,111,51,162,187,21,165,84,86,19,24,32,165,25,189,34,3,150,81,238,209,98,58,139,236,26,74,88,107,194,137,119,213,111,41,174,189,23,165,65,80,22,16,46,189,29,161,37,2,147,95,232,223,102,34,139,243,25,65,88,97,198,139,122,207,108,53,168,182,21,163,64,82,23,5,44,161,26,165,34,1,157,82,233,196,97,57,137,242,22,72,86,101,221,138,124,211,103,61,170,189,25,167,84,80,18,26,33,167,17,189,37,0,146,85,230,222,98,54,135,236,22,72,89,103,193,139,98,209,105,60,169,182,20,165,75,82,12,26,40,162,25,162,46,7,147,81,243,220,96,61,137,244,31,74,93,102,221,142,121,219,109,48,162,190,16,190,73,80,24,16,41,162,29,162,58,2,147,95,234,222,104,54,143,236,26,75,95,98,198,136,123,211,106,41,163,188,16,161,76,83,12,27,45,163,31,161,46,6,149,95,243,219,96,61,142,240,27,73,95,97,221,139,126,208,104,53,172,191,19,164,84,86,23,17,33,160,26,162,33,31,149,81,230,221,102,54,135,241,3,72,86,98,195,141,122,210,103,41,175,188,16,163,76,84,16,29,41,189,16,163,39,5,148,86,243,219,104,56,136,243,29,65,95,102,221,138,125,212,108,60,173,187,17,165,84,83,22,25,32,161,25,189,34,3,151,86,235,208,98,62,139,236,26,74,89,96,199,138,119,209,111,41,173,188,17,170,65,81,12,27,46,168,24,169,47,2,150,85,243,220,99,56,134,242,22,76,93,100,221,138,124,211,103,52,174,187,24,161,84,85,19,29,33,160,26,166,47,7,136,82,236,222,105,55,138,243,29,65,66,103,195,143,118,219,111,52,168,183,13,167,77,84,22,29,32,160,27,169,107,31,199,9,177,155,36,111,209,180,92,68,21,112,178,205,43,130,43,96,184,162,3,198,15,2,69,71,81,255,79,254,52,31,134,8,186,159,114,34,143,238,30,76,66,112,164,251,39,142,109,39,182,191,13,163,78,75,16,7,45,189,30,189,38,31,150,74,253,184,63,125,214,180,70,22,0,112,221,157,30,143,62,124,184,162,3,209,23,11,79,91,43,179,5,179,112,65,203,11,141,175,18,44,147,241,23,73,66,96,195,143,98,214,111,41,163,190,13,176,58,6,67,66,127,227,70,228,120,87,231,9,179,135,34,61,157,189,3,20,15,42,163,218,41,144,98,55,170,162,82,231,26,36,72,92,118,250,90,172,109,78,136,19,175,158,49,98,251,165,92,26,29,111,138,196,32,130,50,96,167,172,77,243,31,0,69,91,93,255,72,243,122,86,192,68,243,129,62,125,203,161,76,18,83,38,131,202,43,207,54,97,226,179,19,166,5,75,91,71,121,252,76,172,52,103,211,3,186,134,3,107,205,182,70,26,11,112,221,214,32,144,43,100,249,229,28,230,10,18,69,5,113,245,81,172,32,78,136,29,177,137,61,107,130,226,124,14,7,38,146,215,5,141,48,103,184,162,72,252,11,19,65,74,115,172,93,227,99,86,136,15,187,144,109,63,142,247,82,85,21,60,144,210,43,222,125,86,237,231,85,241,16,37,71,11,52,248,71,226,98,82,199,13,226,156,34,123,218,236,70,29,22,111,192,143,119,158,115,126,244,239,76,247,69,69,83,93,121,227,93,221,119,84,195,3,173,202,124,103,209,179,91,24,13,57,204,203,60,150,58,41,243,234,89,175,74,94,93,5,99,255,72,252,115,14,134,21,171,135,32,66,222,167,72,28,28,30,158,208,62,193,115,108,244,253,85,243,27,12,29,93,106,228,76,189,127,87,220,91,237,208,45,115,147,175,95,52,15,34,204,196,3,172,9,64,167,190,13,222,55,38,100,98,37,160,5,221,89,114,224,40,150,164,109,60,147,129,107,61,83,97,221,236,27,161,98,49,182,195,116,222,69,82,12,109,81,199,20,167,58,126,235,34,226,223,124,91,241,141,18,65,66,17,190,241,13,162,11,56,163,162,109,215,54,90,17,25,52,212,120,172,39,2,136,42,139,213,97,60,147,140,106,68,95,97,221,245,3,179,98,52,174,162,107,223,40,46,102,20,41,164,5,219,91,99,237,32,145,167,4,51,142,246,3,55,33,6,204,142,121,207,24,66,223,218,28,163,64,75,103,122,93,197,20,160,47,31,234,35,136,188,17,76,243,133,18,75,94,126,162,250,26,183,30,71,214,203,28,160,73,75,103,108,76,197,104,211,90,118,153,84,237,196,3,75,235,148,110,59,34,23,186,130,124,208,115,66,223,218,117,211,58,43,101,98,37,163,29,189,69,118,240,42,150,187,4,51,141,245,3,62,43,6,164,239,24,162,19,56,168,184,13,193,61,51,117,121,78,208,101,172,36,4,136,32,144,186,0,92,250,144,18,75,86,126,183,240,28,175,16,74,202,179,19,171,84,36,108,102,75,196,123,212,43,0,148,74,156,169,28,66,130,243,30,85,45,19,189,243,29,166,19,67,167,189,19,190,42,34,116,124,74,223,20,162,37,31,236,39,147,188,109,60,138,245,82,4,66,41,152,209,61,151,45,112,249,250,72,253,22,20,29,82,44,162,31,163,38,4,146,87,233,196,100,61,137,243,28,65,87,102,197,147,124,219,106,55,173,182,22,160,72,75,21,27,40,161,16,162,47,6,151,74,234,221,99,56,139,248,30,75,86,47,221,220,33,141,44,113,251,224,85,225,69,28,93,5,117,240,81,195,115,84,215,91,236,196,35,123,221,131,71,12,0,57,130,130,53,158,115,112,234,248,64,254,60,2,83,74,107,172,82,234,120,82,201,3,226,202,35,107,203,148,64,30,9,62,148,157,98,138,49,118,238,239,66,249,69,19,82,92,125,189,64,245,110,14,149,94,230,149,124,117,209,161,66,28,83,112,157,222,41,132,58,119,223,224,64,240,20,2,68,11,52,248,71,226,98,82,199,13,226,156,34,123,218,236,70,29,22,111,195,139,51,158,115,106,234,195,64,226,69,28,109,102,78,212,20,161,58,127,235,39,155,163,109,63,147,140,96,56,42,28,184,243,115,209,115,68,222,202,28,161,84,52,117,107,37,165,5,220,67,127,153,83,243,172,25,88,130,246,3,52,33,22,204,136,98,182,17,72,167,182,13,209,55,41,99,104,76,172,16,189,90,118,234,91,238,216,124,75,238,253,30,72,66,30,165,130,127,209,115,73,223,179,16,161,84,45,109,121,37,160,29,189,92,126,244,47,153,213,97,59,147,138,98,41,39,20,191,240,26,222,110,51,182,192,110,198,69,86,23,5,95,214,108,197,43,2,156,74,152,187,21,90,130,241,22,85,32,23,166,235,15,161,19,64,167,188,17,190,43,34,116,125,89,211,101,212,43,1,149,74,152,173,4,90,254,130,99,60,83,96,195,147,29,166,11,81,219,204,109,215,51,90,18,26,52,214,108,197,66,114,230,42,154,163,109,60,139,236,124,60,58,30,184,236,26,222,109,48,182,201,100,198,45,55,118,104,84,172,27,167,58,96,225,50,138,184,6,79,243,253,29,78,66,20,190,237,30,177,26,85,167,188,25,190,62,40,114,101,87,222,121,172,36,10,136,37,147,167,3,91,237,133,18,74,94,126,178,254,2,175,98,54,171,162,98,211,52,43,115,108,84,215,20,162,36,31,246,35,139,189,2,64,130,243,28,85,38,19,189,235,115,209,106,48,231,243,13,233,17,9,83,93,106,228,74,229,127,92,202,21,226,147,97,56,136,247,24,75,95,100,221,139,123,209,102,61,174,182,18,160,84,83,19,31,42,161,30,169,33,1,136,87,233,208,100,60,136,245,28,85,93,106,196,135,121,213,107,61,171,162,20,167,75,81,20,17,41,163,17,236,58,80,203,8,172,156,49,96,203,179,18,2,26,32,132,218,98,193,4,37,180,160,15,178,37,69,12,11,76,244,81,229,52,78,136,11,190,144,2,107,216,179,18,75,66,33,132,221,13,139,42,107,241,253,28,233,5,75,85,89,110,240,69,213,115,64,199,21,226,147,43,96,222,173,74,68,76,62,152,204,58,134,49,108,244,233,103,253,10,44,69,80,58,189,64,255,101,71,197,5,180,213,36,124,202,165,3,16,10,42,204,142,119,209,34,41,225,224,64,255,29,90,2,98,125,232,75,248,120,87,230,18,177,202,124,103,209,179,91,24,13,57,204,203,60,150,58,41,243,234,89,175,73,82,21,84,101,189,70,225,91,82,212,91,164,165,31,88,250,253,31,85,34,29,176,251,5,222,110,41,214,193,96,214,54,46,108,20,42,189,104,213,82,14,151,74,140,189,18,51,139,236,98,44,34,111,196,147,10,170,9,56,172,162,108,221,60,90,23,5,77,223,100,172,46,31,231,41,145,171,17,90,130,249,3,53,43,28,204,142,126,207,26,84,167,191,16,190,52,51,29,24,42,189,101,212,43,2,151,74,149,165,0,51,142,244,3,51,35,2,184,249,115,210,106,41,208,195,113,219,62,41,111,125,37,160,31,189,88,124,240,91,238,223,124,73,248,133,123,68,95,106,221,248,29,166,11,56,171,183,13,220,61,48,116,104,90,221,108,172,36,3,136,53,154,188,4,79,253,140,106,68,92,99,221,248,11,183,11,68,216,194,100,175,74,85,12,122,93,197,125,208,84,127,225,45,226,218,99,34,248,133,123,45,47,16,189,250,5,222,109,49,182,221,100,198,52,46,115,125,37,163,28,189,81,118,240,51,143,190,17,66,130,242,25,85,61,23,165,234,30,181,30,73,167,188,22,190,62,40,114,121,74,212,121,172,36,11,136,32,144,186,28,65,240,144,18,75,87,126,178,243,1,176,10,87,223,179,18,162,84,36,97,101,84,172,26,160,58,112,229,42,147,187,21,66,249,253,28,75,66,0,180,235,27,177,17,56,169,189,13,218,57,43,116,20,42,164,28,236,107,31,223,15,177,155,36,124,202,163,91,16,1,60,130,130,53,210,108,52,169,188,25,190,74,81,24,28,33,168,27,168,46,31,145,83,236,222,100,54,142,242,23,85,92,97,197,134,127,208,104,60,168,162,21,161,78,84,19,17,46,169,17,189,36,5,156,83,230,209,99,56,140,236,28,75,89,100,201,143,98,215,111,55,162,187,16,162,79,85,12,26,40,163,26,169,37,2,148,83,243,220,96,60,134,248,29,77,94,98,221,139,126,209,102,52,172,184,16,162,84,86,24,29,45,164,25,160,34,11,136,84,234,217,102,55,142,240,30,73,66,99,199,134,126,219,109,60,171,162,19,161,76,94,17,26,47,168,26,189,39,5,157,86,231,218,105,60,147,242,25,65,91,107,200,140,123,210,115,54,168,185,23,170,72,75,20,25,42,169,28,160,38,4,147,74,236,216,98,61,135,243,30,73,91,126,197,143,124,218,103,55,174,190,20,190,76,87,18,16,41,167,31,160,34,31,149,94,235,221,101,62,142,244,23,85,92,103,192,137,119,210,111,52,170,162,16,164,65,87,24,27,33,160,5,163,37,7,157,87,236,223,105,61,147,241,25,64,94,106,195,134,124,207,109,51,162,187,24,171,75,86,23,5,41,167,16,161,46,1,157,87,243,220,101,61,142,241,26,64,94,102,221,139,125,213,108,54,162,183,21,166,84,83,19,31,44,161,29,166,37,5,136,84,233,208,102,56,139,248,27,77,66,99,198,143,125,218,108,51,173,162,18,162,74,81,20,28,42,164,31,189,34,0,146,95,237,209,96,60,139,236,26,75,94,101,197,134,125,210,108,41,175,183,19,161,64,83,12,29,40,162,24,166,47,4,156,83,243,217,103,58,134,248,30,75,92,126,196,140,121,208,102,50,175,190,20,190,75,94,21,27,46,165,5,160,33,1,151,83,230,223,105,34,142,245,30,74,92,102,192,137,121,207,110,48,171,191,24,160,77,95,17,5,42,164,24,169,46,4,146,87,232,196,97,56,134,247,28,65,93,100,221,140,118,213,111,52,170,189,22,163,84,85,19,29,33,160,26,169,39,7,136,85,237,223,102,54,143,236,27,73,92,107,192,137,120,210,108,41,174,187,18,160,76,80,20,17,32,189,29,162,32,7,147,86,234,218,104,34,139,243,25,76,93,103,201,143,118,207,108,61,172,191,21,163,79,87,17,5,44,162,31,165,33,3,148,87,233,196,97,57,142,247,31,77,93,107,221,140,126,209,104,50,172,189,19,170,84,83,19,30,40,167,25,161,47,5,136,83,237,216,104,54,143,243,23,76,66,101,195,140,119,213,103,41,174,190,18,161,73,86,19,31,33,189,24,166,32,1,157,87,230,220,124,59,140,247,26,75,87,98,201,134,98,214,109,51,162,186,25,190,73,80,19,31,47,161,28,160,58,2,145,87,235,221,101,57,138,243,3,72,91,99,194,141,122,210,105,50,182,189,25,164,73,83,17,29,44,164,5,160,33,2,147,86,235,219,101,34,139,245,28,74,89,106,193,139,118,207,109,54,174,183,16,161,79,94,18,5,42,162,29,168,39,0,156,86,231,196,100,61,137,246,31,72,93,102,197,147,124,213,103,61,172,191,21,166,64,75,21,17,33,169,27,165,58,7,148,85,238,217,100,60,139,245,3,77,93,100,198,140,124,215,110,51,182,191,25,166,77,82,17,24,47,167,5,163,35,2,146,95,238,216,97,62,147,241,24,72,89,98,197,140,123,207,109,54,174,183,16,161,79,94,19,5,41,166,24,166,38,7,151,80,243,218,102,54,135,246,30,77,90,103,221,139,125,213,105,53,171,182,20,164,84,83,19,31,47,162,26,160,46,7,136,84,231,221,102,57,140,244,24,75,66,103,195,143,122,219,104,52,172,183,13,160,75,83,25,24,43,166,16,163,58,6,145,85,233,220,104,63,141,248,82,85,13,61,159,204,58,130,49,113,233,179,90,176,45,20,69,91,81,255,89,228,98,103,221,22,186,202,124,44,250,174,90,20,76,126,211,244,43,154,61,106,251,252,69,176,84,1,65,69,107,244,5,229,100,70,193,74,253,163,53,119,252,175,75,28,76,126,211,250,61,128,62,117,255,172,13,176,35,71,2,5,58,229,70,226,98,65,205,8,184,202,124,44,204,181,77,91,66,99,197,147,108,195,2,39,182,172,122,178,54,8,78,76,56,204,11,189,52,103,193,30,171,202,124,44,244,165,86,27,7,60,149,157,51,207,50,100,226,220,68,245,11,90,17,29,52,226,92,243,85,91,209,8,180,155,109,117,194,236,90,9,24,51,157,251,43,144,60,118,167,245,90,252,25,10,69,20,58,253,64,226,98,86,202,15,177,143,22,97,205,139,74,0,76,126,152,209,61,151,62,102,241,179,85,224,13,2,12,64,124,233,20,160,47,1,217,74,164,134,49,99,218,253,13,50,11,43,147,214,32,135,29,113,244,172,13,251,22,20,84,72,123,250,20,229,100,70,193,74,182,140,40,51,142,245,26,4,66,41,159,222,35,134,98,39,248,225,84,252,28,44,69,80,58,189,64,255,101,71,197,5,180,213,36,124,202,165,3,16,10,42,204,142,119,210,34,41,225,224,64,255,29,90,2,74,119,255,79,248,113,17,136,15,177,155,36,111,220,171,18,13,28,39,148,147,39,135,39,56,163,243,13,233,22,6,77,76,37,179,90,244,98,103,203,1,184,132,53,44,147,169,65,10,26,51,146,212,115,151,45,112,255,162,72,246,0,90,17,17,33,236,5,234,120,82,201,3,226,202,60,111,216,167,74,11,43,60,144,221,34,134,59,39,182,231,79,225,12,6,67,66,37,229,91,228,115,31,205,2,167,213,98,58,194,189,3,22,30,31,144,207,115,152,18,74,204,203,28,162,84,43,111,104,92,218,20,160,58,127,235,39,155,166,25,66,130,242,3,56,42,22,204,140,98,176,10,71,167,186,13,223,45,43,29,28,52,213,96,199,43,5,136,43,144,172,109,57,147,149,97,52,83,106,221,252,1,173,28,68,206,179,24,190,52,34,110,20,41,161,5,212,71,14,149,87,243,164,4,51,142,242,3,53,43,111,192,140,98,169,18,85,167,191,21,190,50,42,112,96,94,172,24,164,58,121,233,54,150,174,30,65,235,253,30,79,66,28,190,235,115,210,104,41,221,201,100,198,69,86,24,5,95,194,108,197,43,2,157,74,145,173,7,90,254,130,99,60,83,96,193,147,29,166,11,81,219,204,109,215,69,85,17,5,95,212,125,197,87,113,232,35,226,218,98,34,236,133,123,45,47,16,189,250,5,222,109,54,182,201,100,198,44,38,98,101,93,218,20,163,34,31,247,35,139,164,25,93,235,253,29,76,66,21,180,235,27,179,9,68,214,179,19,164,84,52,101,125,77,193,127,208,90,14,150,81,243,174,31,92,239,146,106,41,83,96,201,147,8,172,13,73,213,193,113,175,74,94,12,106,84,222,122,196,68,118,153,85,239,196,19,79,243,140,18,74,95,126,178,254,2,175,12,64,214,200,28,161,74,75,114,108,76,196,123,223,43,0,151,74,151,169,28,90,130,242,26,76,19,47,140,147,59,147,41,100,246,202,68,225,27,20,29,82,101,189,70,225,91,82,212,91,164,165,31,88,250,253,31,85,34,29,176,251,5,222,110,41,214,193,96,214,54,46,108,20,42,189,104,213,82,14,151,74,140,189,18,51,139,236,98,44,34,111,196,147,10,170,9,56,172,162,108,221,60,90,23,5,77,223,100,172,46,31,231,41,145,171,17,90,130,249,3,53,43,28,204,142,126,207,26,84,167,191,16,190,52,51,29,24,42,189,101,212,43,2,151,74,149,165,0,51,142,244,3,51,35,2,184,249,115,210,106,41,208,195,113,219,62,41,111,125,37,160,31,189,88,124,240,91,238,223,124,73,248,133,123,68,95,106,221,248,29,166,11,56,171,183,13,220,61,48,116,104,90,221,108,172,36,3,136,53,154,188,4,79,253,140,106,68,92,99,221,248,11,183,11,68,216,194,100,175,74,85,12,122,93,197,125,208,84,127,225,45,226,218,99,34,248,133,123,45,47,16,189,250,5,222,109,49,182,221,100,198,52,46,115,125,37,163,28,189,81,118,240,51,143,190,17,66,130,242,25,85,61,23,165,234,30,181,30,73,167,188,22,190,62,40,114,121,74,212,121,172,36,11,136,32,144,186,28,65,240,144,18,75,87,126,178,243,1,176,10,87,223,179,18,162,84,36,97,101,84,172,26,160,58,112,229,42,147,187,21,66,249,253,28,75,66,0,180,235,27,177,17,56,169,189,13,218,57,43,116,20,42,164,28,236,107,57,251,41,151,190,29,38,224,163,71,12,0,57,221,159,17,128,55,112,244,229,15,253,8,42,65,89,49}

  local vehpcvm=0
  for n4756fd=1,#vdgegvulnt do
    vehpcvm=(vehpcvm+vdgegvulnt[n4756fd]*n4756fd)%99991
  end
  local vd6545e=(81366-7778+99991)%99991
  if vehpcvm~=vd6545e then
    vdgegvulnt=nil _9f77_z(8)
  end

  local t8f704e={}
  local _7daf_t=pb1ef26()
  local _out_dec={}
  local zpabni=1
  local ravyd=1
  while ravyd<=#vdgegvulnt do
    local _9878_q=math.min(ravyd+63,#vdgegvulnt)
    for n4756fd=ravyd,_9878_q do
      local _ki=(n4756fd-1)%32+1
      t8f704e[n4756fd]=bit32.bxor(vdgegvulnt[n4756fd],_7daf_t[_ki])
      vdgegvulnt[n4756fd]=nil
    end
    ravyd=_9878_q+1
  end
  vdgegvulnt=nil _7daf_t=nil
  ravyd=1
  while ravyd<=#t8f704e do
    local t1524_a=t8f704e[ravyd]
    if t1524_a==254 then
      local _cnt=t8f704e[ravyd+1]
      local _val=t8f704e[ravyd+2]
      if _cnt==0 then
        _out_dec[zpabni]=string.char(_val);zpabni=zpabni+1;ravyd=ravyd+3
      else
        for _j=1,_cnt do _out_dec[zpabni]=string.char(_val);zpabni=zpabni+1 end
        ravyd=ravyd+3
      end
    else
      _out_dec[zpabni]=string.char(t1524_a);zpabni=zpabni+1;ravyd=ravyd+1
    end
  end
  t8f704e=nil

  local clukotqcp=table.concat(_out_dec or {})
  _out_dec=nil

  local _99ae_c=2166136261
  for zvsgd=1,#clukotqcp do
    local _b=string.byte(clukotqcp,zvsgd)
    local _hi=bit32.rshift(bit32.bxor(_99ae_c,_b),16)*16777619
    local _lo=bit32.band(bit32.bxor(_99ae_c,_b),0xFFFF)*16777619
    _99ae_c=bit32.band(_lo+bit32.lshift(_hi,16),0xFFFFFFFF)
  end
  local veefec4=_99ae_c
  if veefec4~=3081520959 then _9f77_z(9) end

  rawset(_G,"print",q7645_t)
  rawset(_G,"warn",q9813_r)

  local ptpvno=230
  local x4957_z=0
  repeat
    x4957_z=x4957_z+1
    if ptpvno==230 then
      local p7756_z=math.random(1,9999)
      local m9927_t=(p7756_z*p7756_z-p7756_z)%2
      if m9927_t~=0 then
        local _54a0_q={}
        for _i=1,64 do _54a0_q[_i]=string.rep(tostring(_i),3) end
        _54a0_q=nil
        ptpvno=162
      else
        ptpvno=322
      end
    end
    if ptpvno==322 then
      local rfygub=math.random(1,9999)
      local q7b34ce=(rfygub*rfygub*rfygub-rfygub)%3
      if q7b34ce~=0 then
        local _7277_a=""
        for _i=1,48 do _7277_a=_7277_a..tostring(math.floor(os.clock()*_i)) end
        _7277_a=nil
        ptpvno=162
      else
        ptpvno=244
      end
    end
    if ptpvno==244 then
      local cnzltdnj=math.random(1,9999)
      local qcrjgagmfv=(4*cnzltdnj*cnzltdnj+4*cnzltdnj)%8
      if qcrjgagmfv~=0 then
        for _i=1,16 do pcall(function() error({},0) end) end
        ptpvno=162
      else
        ptpvno=86
      end
    end

do
  local v8375_b=math.random(1,100)
  local te8277e=2*v8375_b+1
  local qybpforflt=(te8277e*te8277e)%8
  if qybpforflt~=1 then
    for qcjqew=1,12 do pcall(function() error({},0) end) end
  end
end
do
  local m3267_c=math.random(2,200)
  local rscekgtit=m3267_c*(m3267_c-1)*(m3267_c+1)%6
  if rscekgtit~=0 then
    local _5a43_z={}
    for c77fe85=1,200 do _5a43_z[tostring(c77fe85)]=m3267_c+c77fe85 end
    _5a43_z=nil
  end
end

  until ptpvno==86 or x4957_z>64

  local me2e180=86
  local mclnkf=0
  repeat
    mclnkf=mclnkf+1
    if me2e180==86 then
      local _c=math.floor(os.clock()*1000)%7
      if _c>9999 then me2e180=162 else me2e180=65 end
    end
    if me2e180==82 then
      local _s=tostring(math.floor(tick()%540))
      if string.len(_s)>500 then me2e180=162 else me2e180=100 end
    end
    if me2e180==100 then
      local _v=math.abs(os.clock()*0)
      if _v>1e6 then me2e180=162 else me2e180=22 end
    end
    if me2e180==65 then
      local _t={math.random(1,9),math.random(1,9),math.random(1,9)}
      if #_t>1000 then me2e180=162 else me2e180=82 end
    end
    if me2e180==22 then
      local _ls=_3bdf_x(nil)
      local scyxspqud,qjlkwnc=_ls(clukotqcp)
      clukotqcp=nil
      if scyxspqud then pcall(scyxspqud) end
      _running=false
      me2e180=162
    end
  until me2e180==162 or mclnkf>64

end

if task and task.defer then task.defer(x0e9c80) else x0e9c80() end

do
  local f8849_q=math.random(1,9999)
  local s5726_c=(f8849_q*f8849_q+f8849_q)%2
  if s5726_c~=0 then
    local crxygq=""
    for zhmphgbdi=1,200 do crxygq=crxygq..tostring(f8849_q+zhmphgbdi) end
    crxygq=nil
  end
end
do
  local xe51470=math.random(1,100)
  local vba1a3d=2*xe51470+1
  local sgkleyid=(vba1a3d*vba1a3d)%8
  if sgkleyid~=1 then
    for tbe082c=1,10 do pcall(function() error({},0) end) end
  end
end
do
  local fe631f7=math.random(3,97)
  local zd733a4=(fe631f7*fe631f7-1)%(fe631f7+1)
  if zd733a4~=fe631f7-1 then
    local _e6ca_t={}
    for mzsnmysyif=1,200 do _e6ca_t[mzsnmysyif]=fe631f7*mzsnmysyif end
    for mzsnmysyif=200,1,-1 do _e6ca_t[mzsnmysyif]=nil end
  end
end
do
  local v35551a=math.random(2,200)
  local p5aec24=v35551a*(v35551a-1)*(v35551a+1)%6
  if p5aec24~=0 then
    local _3100_q={}
    for rmoktbhpr=1,200 do _3100_q[tostring(rmoktbhpr)]=v35551a+rmoktbhpr end
    _3100_q=nil
  end
end
